-- MySQL dump 10.13  Distrib 5.6.33, for debian-linux-gnu (x86_64)
--
-- Host: localhost    Database: healthcare
-- ------------------------------------------------------
-- Server version	5.6.33-0ubuntu0.14.04.1

/*!40101 SET @OLD_CHARACTER_SET_CLIENT=@@CHARACTER_SET_CLIENT */;
/*!40101 SET @OLD_CHARACTER_SET_RESULTS=@@CHARACTER_SET_RESULTS */;
/*!40101 SET @OLD_COLLATION_CONNECTION=@@COLLATION_CONNECTION */;
/*!40101 SET NAMES utf8 */;
/*!40103 SET @OLD_TIME_ZONE=@@TIME_ZONE */;
/*!40103 SET TIME_ZONE='+00:00' */;
/*!40014 SET @OLD_UNIQUE_CHECKS=@@UNIQUE_CHECKS, UNIQUE_CHECKS=0 */;
/*!40014 SET @OLD_FOREIGN_KEY_CHECKS=@@FOREIGN_KEY_CHECKS, FOREIGN_KEY_CHECKS=0 */;
/*!40101 SET @OLD_SQL_MODE=@@SQL_MODE, SQL_MODE='NO_AUTO_VALUE_ON_ZERO' */;
/*!40111 SET @OLD_SQL_NOTES=@@SQL_NOTES, SQL_NOTES=0 */;

--
-- Table structure for table `appointment`
--

DROP TABLE IF EXISTS `appointment`;
/*!40101 SET @saved_cs_client     = @@character_set_client */;
/*!40101 SET character_set_client = utf8 */;
CREATE TABLE `appointment` (
  `appointment_id` int(10) NOT NULL AUTO_INCREMENT,
  `doctor_id` int(10) NOT NULL,
  `patient_id` int(10) NOT NULL,
  `date_time` datetime NOT NULL,
  `status` tinyint(1) NOT NULL DEFAULT '1',
  PRIMARY KEY (`appointment_id`),
  KEY `fk_user_doctor_id` (`doctor_id`),
  KEY `fk_user_patient_id` (`patient_id`),
  CONSTRAINT `fk_user_doctor_id` FOREIGN KEY (`doctor_id`) REFERENCES `user` (`user_id`),
  CONSTRAINT `fk_user_patient_id` FOREIGN KEY (`patient_id`) REFERENCES `user` (`user_id`)
) ENGINE=InnoDB AUTO_INCREMENT=12 DEFAULT CHARSET=latin1;
/*!40101 SET character_set_client = @saved_cs_client */;

--
-- Dumping data for table `appointment`
--

LOCK TABLES `appointment` WRITE;
/*!40000 ALTER TABLE `appointment` DISABLE KEYS */;
INSERT INTO `appointment` VALUES (2,53,24,'2018-11-12 02:47:25',0),(3,53,24,'2017-12-20 18:27:00',1),(6,53,24,'2018-12-12 15:47:25',0),(7,53,53,'2017-12-29 07:47:00',0),(8,53,24,'2018-12-13 12:40:54',0),(9,53,24,'2017-12-22 23:00:00',0),(10,53,25,'2017-12-29 04:43:18',0),(11,53,56,'2017-12-28 01:50:18',1);
/*!40000 ALTER TABLE `appointment` ENABLE KEYS */;
UNLOCK TABLES;

--
-- Table structure for table `doctor_domain`
--

DROP TABLE IF EXISTS `doctor_domain`;
/*!40101 SET @saved_cs_client     = @@character_set_client */;
/*!40101 SET character_set_client = utf8 */;
CREATE TABLE `doctor_domain` (
  `doctor_domain_id` int(10) NOT NULL AUTO_INCREMENT,
  `doctor_id` int(11) DEFAULT NULL,
  `experience` int(4) NOT NULL DEFAULT '1',
  `speciality` varchar(20) NOT NULL,
  PRIMARY KEY (`doctor_domain_id`),
  KEY `fk_doctor_domail` (`doctor_id`),
  CONSTRAINT `fk_doctor_domail` FOREIGN KEY (`doctor_id`) REFERENCES `user` (`user_id`)
) ENGINE=InnoDB DEFAULT CHARSET=latin1;
/*!40101 SET character_set_client = @saved_cs_client */;

--
-- Dumping data for table `doctor_domain`
--

LOCK TABLES `doctor_domain` WRITE;
/*!40000 ALTER TABLE `doctor_domain` DISABLE KEYS */;
/*!40000 ALTER TABLE `doctor_domain` ENABLE KEYS */;
UNLOCK TABLES;

--
-- Table structure for table `doctor_history`
--

DROP TABLE IF EXISTS `doctor_history`;
/*!40101 SET @saved_cs_client     = @@character_set_client */;
/*!40101 SET character_set_client = utf8 */;
CREATE TABLE `doctor_history` (
  `history_id` int(25) NOT NULL AUTO_INCREMENT,
  `doctor_id` int(11) DEFAULT NULL,
  `patient_id` int(11) DEFAULT NULL,
  `checked_date_time` datetime NOT NULL,
  `status` varchar(15) NOT NULL,
  `req_appointment_time` datetime NOT NULL,
  PRIMARY KEY (`history_id`),
  KEY `fk_doctor_history` (`doctor_id`),
  KEY `fk_doctor_history_patient` (`patient_id`),
  CONSTRAINT `fk_doctor_history` FOREIGN KEY (`doctor_id`) REFERENCES `user` (`user_id`),
  CONSTRAINT `fk_doctor_history_patient` FOREIGN KEY (`patient_id`) REFERENCES `user` (`user_id`)
) ENGINE=InnoDB AUTO_INCREMENT=19 DEFAULT CHARSET=latin1;
/*!40101 SET character_set_client = @saved_cs_client */;

--
-- Dumping data for table `doctor_history`
--

LOCK TABLES `doctor_history` WRITE;
/*!40000 ALTER TABLE `doctor_history` DISABLE KEYS */;
INSERT INTO `doctor_history` VALUES (1,53,24,'2018-11-12 02:47:25','accepted','2017-12-20 20:09:48'),(2,53,24,'2018-11-12 02:47:25','accepted','2017-12-20 20:11:32'),(3,53,15,'2018-12-12 15:47:25','accepted','2017-12-20 20:13:11'),(4,53,24,'2018-12-12 15:47:25','accepted','2017-12-20 20:14:10'),(5,53,53,'2017-12-29 07:47:00','rejected','2017-12-20 20:15:16'),(6,53,24,'2018-12-13 12:40:54','accepted','2017-12-21 12:41:22'),(7,53,53,'2017-12-29 07:47:00','rejected','2017-12-21 12:41:27'),(8,53,24,'2018-12-12 15:47:25','rejected','2017-12-21 12:46:31'),(9,53,24,'2018-11-12 02:47:25','rejected','2017-12-21 13:09:45'),(10,53,24,'2018-11-12 02:47:25','rejected','2017-12-21 13:10:34'),(11,53,24,'2018-12-12 15:47:25','accepted','2017-12-21 13:19:56'),(12,53,53,'2017-12-29 07:47:00','accepted','2017-12-21 13:21:16'),(13,53,24,'2018-12-13 12:40:54','rejected','2017-12-21 13:21:25'),(14,53,24,'2018-11-12 02:47:25','accepted','2017-12-21 13:29:03'),(15,53,24,'2018-12-12 15:47:25','rejected','2017-12-21 13:29:11'),(16,53,53,'2017-12-29 07:47:00','accepted','2017-12-22 14:05:30'),(17,109,24,'2017-12-22 23:00:00','rejected','2017-12-22 14:05:45'),(18,53,25,'2017-12-29 04:43:18','accepted','2017-12-26 16:43:42');
/*!40000 ALTER TABLE `doctor_history` ENABLE KEYS */;
UNLOCK TABLES;

--
-- Table structure for table `doctor_speciality`
--

DROP TABLE IF EXISTS `doctor_speciality`;
/*!40101 SET @saved_cs_client     = @@character_set_client */;
/*!40101 SET character_set_client = utf8 */;
CREATE TABLE `doctor_speciality` (
  `doctor_specality_id` int(10) NOT NULL AUTO_INCREMENT,
  `doctor_id` int(11) NOT NULL,
  `speciality_id` int(10) NOT NULL,
  PRIMARY KEY (`doctor_specality_id`),
  UNIQUE KEY `doctor_id` (`doctor_id`)
) ENGINE=InnoDB AUTO_INCREMENT=23 DEFAULT CHARSET=latin1;
/*!40101 SET character_set_client = @saved_cs_client */;

--
-- Dumping data for table `doctor_speciality`
--

LOCK TABLES `doctor_speciality` WRITE;
/*!40000 ALTER TABLE `doctor_speciality` DISABLE KEYS */;
INSERT INTO `doctor_speciality` VALUES (1,53,2),(2,54,2),(3,56,1),(4,59,1),(5,25,5),(6,109,3),(7,2,121),(12,128,3),(13,154,3),(14,185,3),(15,188,3),(16,190,3),(17,191,3),(18,196,3),(19,201,3),(20,207,3),(21,208,2),(22,210,5);
/*!40000 ALTER TABLE `doctor_speciality` ENABLE KEYS */;
UNLOCK TABLES;

--
-- Table structure for table `password_reset`
--

DROP TABLE IF EXISTS `password_reset`;
/*!40101 SET @saved_cs_client     = @@character_set_client */;
/*!40101 SET character_set_client = utf8 */;
CREATE TABLE `password_reset` (
  `password_reset_id` int(10) NOT NULL AUTO_INCREMENT,
  `user_id` int(11) NOT NULL,
  `reset_token` varchar(50) NOT NULL,
  `status` tinyint(2) NOT NULL,
  `expiry_time` datetime NOT NULL,
  PRIMARY KEY (`password_reset_id`),
  UNIQUE KEY `reset_token` (`reset_token`),
  KEY `fk_password_reset` (`user_id`),
  CONSTRAINT `fk_password_reset` FOREIGN KEY (`user_id`) REFERENCES `user` (`user_id`)
) ENGINE=InnoDB AUTO_INCREMENT=36 DEFAULT CHARSET=latin1;
/*!40101 SET character_set_client = @saved_cs_client */;

--
-- Dumping data for table `password_reset`
--

LOCK TABLES `password_reset` WRITE;
/*!40000 ALTER TABLE `password_reset` DISABLE KEYS */;
INSERT INTO `password_reset` VALUES (2,24,'1b73f7ec71d4a765bd5f5afd63220f89',1,'2017-12-15 18:26:02'),(3,24,'http://localhost:5400/resetpassword/41715a4ffa6359',1,'2017-12-15 16:03:45'),(4,24,'http://localhost:5400/resetpassword/3dfe77141bdc7d',1,'2017-12-15 16:30:18'),(5,24,'http://localhost:5400/resetpassword/84e71cc42cc820',1,'2017-12-15 09:27:52'),(6,24,'http://localhost:5400/resetpassword/1fe012f14a2fa7',1,'2017-12-15 09:29:43'),(7,24,'http://localhost:5400/resetpassword/6c6eabd4941fc3',1,'2017-12-15 09:30:19'),(8,24,'http://localhost:5400/resetpassword/ed681c4c541fef',1,'2017-12-15 16:30:18'),(9,24,'http://localhost:5400/resetpassword/ee7bf22e62166c',1,'2017-12-15 09:41:13'),(10,24,'http://localhost:5400/resetpassword/3091882ddff236',1,'2017-12-15 09:42:29'),(11,24,'http://localhost:5400/resetpassword/a3026f19370472',1,'2017-12-15 15:34:27'),(12,24,'http://localhost:5400/resetpassword/6b6de890b626e7',1,'2017-12-15 09:51:19'),(13,24,'http://localhost:5400/resetpassword/66db51b321bf42',1,'2017-12-15 15:28:27'),(14,24,'http://localhost:5400/resetpassword/fd3890fc116c1f',1,'2017-12-15 09:59:30'),(15,24,'http://localhost:5400/resetpassword/35239ba83994f9',1,'2017-12-15 10:00:23'),(16,24,'http://localhost:5400/resetpassword/1869318ffb2600',1,'2017-12-15 10:00:33'),(17,24,'http://localhost:5400/resetpassword/dc8ea21ee06f31',1,'2017-12-15 10:02:48'),(18,24,'http://localhost:5400/resetpassword/d32eeae5f28103',1,'2017-12-15 10:03:37'),(19,24,'http://localhost:5400/resetpassword/00c781508734a9',1,'2017-12-15 15:29:27'),(20,24,'http://localhost:5400/resetpassword/0da2bde2e4d5ad',1,'2017-12-15 10:07:30'),(21,24,'http://localhost:5400/resetpassword/04598598dce7c6',1,'2017-12-15 10:09:32'),(22,24,'http://localhost:5400/resetpassword/a53b9c241fdd09',1,'2017-12-15 10:14:29'),(23,24,'http://localhost:5400/resetpassword/efc68a14eec3bb',1,'2017-12-15 10:23:50'),(24,24,'http://localhost:5400/resetpassword/7dfcb8e2ea739c',1,'2017-12-15 10:26:38'),(25,24,'http://localhost:4200/#/acknowledge/1b73f7ec71d4a7',1,'2017-12-15 15:33:27'),(26,24,'http://localhost:4200/#/acknowledge/9b8a94d09c5f89',1,'2017-12-15 14:42:00'),(27,24,'485ee54499903d875118109fd6121cb0',1,'2017-12-15 18:22:08'),(28,24,'069d85e9f31e94f2235be2c40813abf1',1,'2017-12-15 18:24:16'),(29,24,'360f98ce3aacdac727da46ab0569ac56',1,'2017-12-15 19:06:30'),(30,24,'008655a053e8bf74af313fc1ef79dec3',1,'2017-12-15 19:29:07'),(31,24,'a9b8afcd42b31cae4b981859d2450a20',1,'2017-12-15 20:04:10'),(32,24,'72bcfc23f699c71dd90f935a1856448f',1,'2017-12-15 20:29:43'),(33,24,'727c104c9ee3adb20dff794ad2521bda',1,'2017-12-18 09:55:29'),(34,24,'96c29b3b352a25776c2ae03b1906039d',1,'2017-12-20 13:52:40'),(35,24,'bd11ca42938c481fbd8392cdc5c9d4c3',1,'2017-12-22 14:12:11');
/*!40000 ALTER TABLE `password_reset` ENABLE KEYS */;
UNLOCK TABLES;

--
-- Table structure for table `speciality_name`
--

DROP TABLE IF EXISTS `speciality_name`;
/*!40101 SET @saved_cs_client     = @@character_set_client */;
/*!40101 SET character_set_client = utf8 */;
CREATE TABLE `speciality_name` (
  `speciality_id` int(10) NOT NULL AUTO_INCREMENT,
  `speciality` varchar(25) NOT NULL DEFAULT 'ENT',
  PRIMARY KEY (`speciality_id`),
  UNIQUE KEY `speciality` (`speciality`)
) ENGINE=InnoDB AUTO_INCREMENT=6 DEFAULT CHARSET=latin1;
/*!40101 SET character_set_client = @saved_cs_client */;

--
-- Dumping data for table `speciality_name`
--

LOCK TABLES `speciality_name` WRITE;
/*!40000 ALTER TABLE `speciality_name` DISABLE KEYS */;
INSERT INTO `speciality_name` VALUES (2,'Dermatologist'),(1,'ENT'),(3,'Neurologist'),(5,'Physical_therapist'),(4,'Podiatrist');
/*!40000 ALTER TABLE `speciality_name` ENABLE KEYS */;
UNLOCK TABLES;

--
-- Table structure for table `user`
--

DROP TABLE IF EXISTS `user`;
/*!40101 SET @saved_cs_client     = @@character_set_client */;
/*!40101 SET character_set_client = utf8 */;
CREATE TABLE `user` (
  `user_id` int(10) NOT NULL AUTO_INCREMENT,
  `mail_id` varchar(50) NOT NULL,
  `password` varchar(100) DEFAULT NULL,
  `status` tinyint(1) DEFAULT NULL,
  `created_date` datetime NOT NULL,
  PRIMARY KEY (`user_id`),
  UNIQUE KEY `uc_mail` (`mail_id`)
) ENGINE=InnoDB AUTO_INCREMENT=211 DEFAULT CHARSET=latin1;
/*!40101 SET character_set_client = @saved_cs_client */;

--
-- Dumping data for table `user`
--

LOCK TABLES `user` WRITE;
/*!40000 ALTER TABLE `user` DISABLE KEYS */;
INSERT INTO `user` VALUES (15,'abcd123@gmail.com','ecd71870d1963316a97e3ac3408c9835ad8cf0f3c1bc703527c30265534f75ae',1,'2017-12-07 13:53:04'),(24,'tbagavathiraja@gmail.com','ecd71870d1963316a97e3ac3408c9835ad8cf0f3c1bc703527c30265534f75ae',1,'2017-12-07 13:53:04'),(25,'baks@gmail.com','ecd71870d1963316a97e3ac3408c9835ad8cf0f3c1bc703527c30265534f75ae',1,'2017-12-07 14:33:22'),(30,'abc@gmail.com','ecd71870d1963316a97e3ac3408c9835ad8cf0f3c1bc703527c30265534f75ae',1,'2017-12-13 12:31:31'),(45,'123@gmail.com','ecd71870d1963316a97e3ac3408c9835ad8cf0f3c1bc703527c30265534f75ae',1,'2017-12-13 12:45:14'),(46,'tbagavathia@gmail.com','ecd71870d1963316a97e3ac3408c9835ad8cf0f3c1bc703527c30265534f75ae',1,'2017-12-13 14:03:33'),(47,'tbagavhia@gmail.com','ecd71870d1963316a97e3ac3408c9835ad8cf0f3c1bc703527c30265534f75ae',1,'2017-12-13 14:04:48'),(48,'tbagvhia@gmail.com','ecd71870d1963316a97e3ac3408c9835ad8cf0f3c1bc703527c30265534f75ae',1,'2017-12-13 14:05:05'),(49,'tbagasdvhia@gmail.com','ecd71870d1963316a97e3ac3408c9835ad8cf0f3c1bc703527c30265534f75ae',1,'2017-12-13 14:06:47'),(50,'tbagasvhia@gmail.com','ecd71870d1963316a97e3ac3408c9835ad8cf0f3c1bc703527c30265534f75ae',1,'2017-12-13 14:07:08'),(51,'tbagasvia@gmail.com','ecd71870d1963316a97e3ac3408c9835ad8cf0f3c1bc703527c30265534f75ae',1,'2017-12-13 14:07:52'),(52,'admin@gmail.com','ecd71870d1963316a97e3ac3408c9835ad8cf0f3c1bc703527c30265534f75ae',1,'2017-12-13 14:08:12'),(53,'doctor@gmail.com','ecd71870d1963316a97e3ac3408c9835ad8cf0f3c1bc703527c30265534f75ae',1,'2017-12-13 14:10:23'),(54,'tbasdvia@gmail.com','ecd71870d1963316a97e3ac3408c9835ad8cf0f3c1bc703527c30265534f75ae',1,'2017-12-13 14:11:30'),(55,'tbasdvia@gail.com','ecd71870d1963316a97e3ac3408c9835ad8cf0f3c1bc703527c30265534f75ae',1,'2017-12-13 14:13:49'),(56,'patient@gmail.com','ecd71870d1963316a97e3ac3408c9835ad8cf0f3c1bc703527c30265534f75ae',1,'2017-12-13 14:14:09'),(59,'test@gmail.com','ecd71870d1963316a97e3ac3408c9835ad8cf0f3c1bc703527c30265534f75ae',1,'2017-12-13 14:49:44'),(109,'doctors@gmail.com','ecd71870d1963316a97e3ac3408c9835ad8cf0f3c1bc703527c30265534f75ae',1,'2017-12-13 16:17:56'),(110,'123abc@gmail.com','ecd71870d1963316a97e3ac3408c9835ad8cf0f3c1bc703527c30265534f75ae',1,'2017-12-21 12:29:43'),(111,'xxxxxxxx@gmail.com','ecd71870d1963316a97e3ac3408c9835ad8cf0f3c1bc703527c30265534f75ae',0,'2017-12-21 12:30:33'),(112,'pranesh@gmail.com','ecd71870d1963316a97e3ac3408c9835ad8cf0f3c1bc703527c30265534f75ae',1,'2017-12-27 16:34:11'),(113,'gokul@gmail.com','ecd71870d1963316a97e3ac3408c9835ad8cf0f3c1bc703527c30265534f75ae',1,'2017-12-27 16:38:32'),(114,'gokulraj@gmail.com','ecd71870d1963316a97e3ac3408c9835ad8cf0f3c1bc703527c30265534f75ae',1,'2017-12-27 16:49:59'),(115,'docs@gmail.com','ecd71870d1963316a97e3ac3408c9835ad8cf0f3c1bc703527c30265534f75ae',1,'2017-12-27 17:34:26'),(117,'docsss@gmail.com','bdaa62c79c1f74a96290af23ac66a3bd21cf61f841c0df7d1477b9f4df37e6ae',1,'2017-12-27 17:45:09'),(118,'docss@gmail.com','bdaa62c79c1f74a96290af23ac66a3bd21cf61f841c0df7d1477b9f4df37e6ae',1,'2017-12-27 17:46:42'),(119,'docsrs@gmail.com','bdaa62c79c1f74a96290af23ac66a3bd21cf61f841c0df7d1477b9f4df37e6ae',1,'2017-12-27 17:47:02'),(120,'docstrs@gmail.com','bdaa62c79c1f74a96290af23ac66a3bd21cf61f841c0df7d1477b9f4df37e6ae',1,'2017-12-27 17:49:12'),(121,'docstrts@gmail.com','bdaa62c79c1f74a96290af23ac66a3bd21cf61f841c0df7d1477b9f4df37e6ae',1,'2017-12-27 17:49:33'),(122,'docstrtts@gmail.com','bdaa62c79c1f74a96290af23ac66a3bd21cf61f841c0df7d1477b9f4df37e6ae',1,'2017-12-27 17:50:35'),(124,'maxs@gmail.com','bdaa62c79c1f74a96290af23ac66a3bd21cf61f841c0df7d1477b9f4df37e6ae',1,'2017-12-27 17:51:06'),(126,'maxwells@gmail.com','bdaa62c79c1f74a96290af23ac66a3bd21cf61f841c0df7d1477b9f4df37e6ae',1,'2017-12-27 17:51:37'),(127,'maxwellr@gmail.com','bdaa62c79c1f74a96290af23ac66a3bd21cf61f841c0df7d1477b9f4df37e6ae',1,'2017-12-27 17:53:05'),(128,'maxwellgood@gmail.com','bdaa62c79c1f74a96290af23ac66a3bd21cf61f841c0df7d1477b9f4df37e6ae',1,'2017-12-27 17:57:26'),(131,'maxwellfgood@gmail.com','bdaa62c79c1f74a96290af23ac66a3bd21cf61f841c0df7d1477b9f4df37e6ae',1,'2017-12-27 18:16:13'),(132,'maxwelfgood@gmail.com','bdaa62c79c1f74a96290af23ac66a3bd21cf61f841c0df7d1477b9f4df37e6ae',1,'2017-12-27 18:18:39'),(133,'maxwlfgood@gmail.com','bdaa62c79c1f74a96290af23ac66a3bd21cf61f841c0df7d1477b9f4df37e6ae',1,'2017-12-27 18:19:43'),(134,'maxwlfgoo@gmail.com','bdaa62c79c1f74a96290af23ac66a3bd21cf61f841c0df7d1477b9f4df37e6ae',1,'2017-12-27 18:21:24'),(135,'maxwlgoo@gmail.com','bdaa62c79c1f74a96290af23ac66a3bd21cf61f841c0df7d1477b9f4df37e6ae',1,'2017-12-27 18:22:55'),(136,'maxwloo@gmail.com','bdaa62c79c1f74a96290af23ac66a3bd21cf61f841c0df7d1477b9f4df37e6ae',1,'2017-12-27 18:25:32'),(137,'maxwloop@gmail.com','bdaa62c79c1f74a96290af23ac66a3bd21cf61f841c0df7d1477b9f4df37e6ae',1,'2017-12-27 18:26:38'),(138,'maxwloopp@gmail.com','bdaa62c79c1f74a96290af23ac66a3bd21cf61f841c0df7d1477b9f4df37e6ae',1,'2017-12-27 18:28:25'),(139,'maxwlooppp@gmail.com','bdaa62c79c1f74a96290af23ac66a3bd21cf61f841c0df7d1477b9f4df37e6ae',1,'2017-12-27 18:29:00'),(140,'maxwlooippp@gmail.com','bdaa62c79c1f74a96290af23ac66a3bd21cf61f841c0df7d1477b9f4df37e6ae',1,'2017-12-27 18:30:38'),(142,'maxwlooipppe@gmail.com','bdaa62c79c1f74a96290af23ac66a3bd21cf61f841c0df7d1477b9f4df37e6ae',1,'2017-12-27 18:31:46'),(143,'maxwl@gmail.com','bdaa62c79c1f74a96290af23ac66a3bd21cf61f841c0df7d1477b9f4df37e6ae',1,'2017-12-27 18:34:54'),(145,'maxwwl@gmail.com','bdaa62c79c1f74a96290af23ac66a3bd21cf61f841c0df7d1477b9f4df37e6ae',1,'2017-12-27 18:37:33'),(147,'maxwwlll@gmail.com','bdaa62c79c1f74a96290af23ac66a3bd21cf61f841c0df7d1477b9f4df37e6ae',1,'2017-12-27 18:39:45'),(154,'maxwegl@gmail.com','bdaa62c79c1f74a96290af23ac66a3bd21cf61f841c0df7d1477b9f4df37e6ae',1,'2017-12-27 18:42:35'),(156,'maxweglg@gmail.com','bdaa62c79c1f74a96290af23ac66a3bd21cf61f841c0df7d1477b9f4df37e6ae',1,'2017-12-27 18:42:47'),(158,'maxweglgee@gmail.com','bdaa62c79c1f74a96290af23ac66a3bd21cf61f841c0df7d1477b9f4df37e6ae',1,'2017-12-27 18:43:31'),(159,'maxweglge@gmail.com','bdaa62c79c1f74a96290af23ac66a3bd21cf61f841c0df7d1477b9f4df37e6ae',1,'2017-12-27 18:44:10'),(162,'maxweglgee1@gmail.com','bdaa62c79c1f74a96290af23ac66a3bd21cf61f841c0df7d1477b9f4df37e6ae',1,'2017-12-27 18:45:40'),(163,'maxweglgee2@gmail.com','bdaa62c79c1f74a96290af23ac66a3bd21cf61f841c0df7d1477b9f4df37e6ae',1,'2017-12-27 18:47:09'),(165,'maxweglgee3@gmail.com','bdaa62c79c1f74a96290af23ac66a3bd21cf61f841c0df7d1477b9f4df37e6ae',1,'2017-12-27 18:48:41'),(166,'maxweglgee23@gmail.com','bdaa62c79c1f74a96290af23ac66a3bd21cf61f841c0df7d1477b9f4df37e6ae',1,'2017-12-27 18:51:07'),(168,'maxweglgee231@gmail.com','bdaa62c79c1f74a96290af23ac66a3bd21cf61f841c0df7d1477b9f4df37e6ae',1,'2017-12-27 18:52:41'),(169,'maxweglgee12@gmail.com','bdaa62c79c1f74a96290af23ac66a3bd21cf61f841c0df7d1477b9f4df37e6ae',1,'2017-12-27 18:59:19'),(171,'maxweglgee123@gmail.com','bdaa62c79c1f74a96290af23ac66a3bd21cf61f841c0df7d1477b9f4df37e6ae',1,'2017-12-28 09:01:46'),(172,'maxweglgee124@gmail.com','bdaa62c79c1f74a96290af23ac66a3bd21cf61f841c0df7d1477b9f4df37e6ae',1,'2017-12-28 09:23:12'),(173,'maxweglgee121@gmail.com','bdaa62c79c1f74a96290af23ac66a3bd21cf61f841c0df7d1477b9f4df37e6ae',1,'2017-12-28 09:25:32'),(175,'maxweglgee1213@gmail.com','bdaa62c79c1f74a96290af23ac66a3bd21cf61f841c0df7d1477b9f4df37e6ae',1,'2017-12-28 09:32:52'),(176,'maxweglgee1214@gmail.com','bdaa62c79c1f74a96290af23ac66a3bd21cf61f841c0df7d1477b9f4df37e6ae',1,'2017-12-28 09:46:55'),(185,'maxweglgee12165@gmail.com','bdaa62c79c1f74a96290af23ac66a3bd21cf61f841c0df7d1477b9f4df37e6ae',1,'2017-12-28 09:57:51'),(187,'maxweglgee121656@gmail.com','bdaa62c79c1f74a96290af23ac66a3bd21cf61f841c0df7d1477b9f4df37e6ae',1,'2017-12-28 09:58:10'),(188,'maxweglgee121655@gmail.com','bdaa62c79c1f74a96290af23ac66a3bd21cf61f841c0df7d1477b9f4df37e6ae',1,'2017-12-28 10:00:54'),(190,'maxweglgee1216445@gmail.com','bdaa62c79c1f74a96290af23ac66a3bd21cf61f841c0df7d1477b9f4df37e6ae',1,'2017-12-28 10:02:32'),(191,'maxweglgee12164475@gmail.com','bdaa62c79c1f74a96290af23ac66a3bd21cf61f841c0df7d1477b9f4df37e6ae',1,'2017-12-28 10:03:29'),(192,'maxweglgee12164485@gmail.com','bdaa62c79c1f74a96290af23ac66a3bd21cf61f841c0df7d1477b9f4df37e6ae',1,'2017-12-28 10:04:08'),(196,'maxweglgee121644855@gmail.com','bdaa62c79c1f74a96290af23ac66a3bd21cf61f841c0df7d1477b9f4df37e6ae',1,'2017-12-28 10:10:25'),(201,'maxweglgee1216448555@gmail.com','bdaa62c79c1f74a96290af23ac66a3bd21cf61f841c0df7d1477b9f4df37e6ae',1,'2017-12-28 10:12:27'),(207,'maxweglgee12164485554@gmail.com','bdaa62c79c1f74a96290af23ac66a3bd21cf61f841c0df7d1477b9f4df37e6ae',1,'2017-12-28 10:13:08'),(208,'gooddoctor@gmail.com','ecd71870d1963316a97e3ac3408c9835ad8cf0f3c1bc703527c30265534f75ae',1,'2017-12-28 10:23:46'),(209,'tbagavathiraja@gma1','ecd71870d1963316a97e3ac3408c9835ad8cf0f3c1bc703527c30265534f75ae',1,'2017-12-28 10:44:48'),(210,'trichyDoctor@gmail.com','ecd71870d1963316a97e3ac3408c9835ad8cf0f3c1bc703527c30265534f75ae',1,'2017-12-28 11:01:30');
/*!40000 ALTER TABLE `user` ENABLE KEYS */;
UNLOCK TABLES;

--
-- Table structure for table `user_details`
--

DROP TABLE IF EXISTS `user_details`;
/*!40101 SET @saved_cs_client     = @@character_set_client */;
/*!40101 SET character_set_client = utf8 */;
CREATE TABLE `user_details` (
  `user_details_id` int(10) NOT NULL AUTO_INCREMENT,
  `user_id` int(10) NOT NULL,
  `first_name` varchar(25) NOT NULL,
  `last_name` varchar(25) DEFAULT NULL,
  `location` varchar(100) NOT NULL,
  `phone_number` varchar(15) NOT NULL,
  `created_date` datetime NOT NULL,
  `gender` varchar(10) NOT NULL DEFAULT 'male',
  PRIMARY KEY (`user_details_id`),
  UNIQUE KEY `user_details_UN` (`user_id`,`phone_number`),
  CONSTRAINT `fk_user` FOREIGN KEY (`user_id`) REFERENCES `user` (`user_id`) ON DELETE CASCADE
) ENGINE=InnoDB AUTO_INCREMENT=76 DEFAULT CHARSET=latin1;
/*!40101 SET character_set_client = @saved_cs_client */;

--
-- Dumping data for table `user_details`
--

LOCK TABLES `user_details` WRITE;
/*!40000 ALTER TABLE `user_details` DISABLE KEYS */;
INSERT INTO `user_details` VALUES (5,24,'bagavathi','raja','trichy','9092773180','2017-12-07 13:53:04','male'),(6,25,'baks','raja','trichy','8667715262','2017-12-07 14:33:22','male'),(8,51,'tbagavathi','T','coimbatore','1234567890','2017-12-13 14:07:52','male'),(9,52,'tbagavathi','ssdfgsd','chennai','1234567890','2017-12-13 14:08:12','male'),(10,53,'tbagavathi','sdf','madurai','1234567890','2017-12-13 14:10:23','male'),(11,54,'tbagavathi','sdf','chennai','1234567890','2017-12-13 14:11:30','male'),(12,55,'tbagavathi','sdf','trichy','1234567890','2017-12-13 14:13:49','male'),(13,56,'tbagavathi','sdf','coimbatore','1234567890','2017-12-13 14:14:09','male'),(14,59,'sesertg','sfsd','chennai','1234568787','2017-12-13 14:49:44','male'),(15,109,'abcd','defghi','madurai','1234568787','2017-12-13 16:17:56','male'),(16,15,'abcd','hjk','chennai','1234567890','2017-12-13 14:14:09','male'),(17,110,'adasf','sdfsdf','sfesf','1234567890','2017-12-21 12:29:43','male'),(18,111,'xxxxx','xxxxx','xxxxxx','1234567894','2017-12-21 12:30:33','male'),(19,112,'pranesh','kumar','coimbatore','1234567894','2017-12-27 16:34:11','male'),(20,113,'gokul','raj','trichy','7894561235','2017-12-27 16:38:32','male'),(21,114,'gokul','thangaraj','chennai','1231231232','2017-12-27 16:49:59','male'),(22,115,'docss','baks','chennai','1231231123','2017-12-27 17:34:26','male'),(23,117,'docss','baks','chennai','1231231123','2017-12-27 17:45:09','male'),(24,118,'docss','baks','chennai','1231231123','2017-12-27 17:46:42','male'),(25,119,'docss','baks','chennai','1231231123','2017-12-27 17:47:02','male'),(26,120,'docss','baks','chennai','1231231123','2017-12-27 17:49:12','male'),(27,121,'docss','baks','chennai','1231231123','2017-12-27 17:49:33','male'),(28,122,'docss','baks','chennai','1231231123','2017-12-27 17:50:35','male'),(29,124,'docss','baks','chennai','1231231123','2017-12-27 17:51:06','male'),(30,126,'docss','baks','chennai','1231231123','2017-12-27 17:51:37','male'),(31,127,'docss','baks','chennai','1231231123','2017-12-27 17:53:05','male'),(32,128,'docss','baks','chennai','1231231123','2017-12-27 17:57:26','male'),(33,131,'docss','baks','chennai','1231231123','2017-12-27 18:16:13','male'),(34,132,'docss','baks','chennai','1231231123','2017-12-27 18:18:39','male'),(35,133,'docss','baks','chennai','1231231123','2017-12-27 18:19:43','male'),(36,134,'docss','baks','chennai','1231231123','2017-12-27 18:21:24','male'),(37,135,'docss','baks','chennai','1231231123','2017-12-27 18:22:55','male'),(38,136,'docss','baks','chennai','1231231123','2017-12-27 18:25:32','male'),(39,137,'docss','baks','chennai','1231231123','2017-12-27 18:26:38','male'),(40,138,'docss','baks','chennai','1231231123','2017-12-27 18:28:25','male'),(41,139,'docss','baks','chennai','1231231123','2017-12-27 18:29:00','male'),(42,140,'docss','baks','chennai','1231231123','2017-12-27 18:30:38','male'),(43,154,'docss','baks','chennai','1231231123','2017-12-27 18:42:35','male'),(44,156,'docss','baks','chennai','1231231123','2017-12-27 18:42:47','male'),(45,158,'docss','baks','chennai','1231231123','2017-12-27 18:43:31','male'),(46,159,'docss','baks','chennai','1231231123','2017-12-27 18:44:10','male'),(47,162,'docss','baks','chennai','1231231123','2017-12-27 18:45:40','male'),(48,163,'docss','baks','chennai','1231231123','2017-12-27 18:47:09','male'),(49,165,'docss','baks','chennai','1231231123','2017-12-27 18:48:41','male'),(50,166,'docss','baks','chennai','1231231123','2017-12-27 18:51:07','male'),(51,168,'docss','baks','chennai','1231231123','2017-12-27 18:52:41','male'),(52,169,'docss','baks','chennai','1231231123','2017-12-27 18:59:19','male'),(53,171,'docss','baks','chennai','1231231123','2017-12-28 09:01:46','male'),(54,172,'docss','baks','chennai','1231231123','2017-12-28 09:23:12','male'),(55,173,'docss','baks','chennai','1231231123','2017-12-28 09:25:32','male'),(56,175,'docss','baks','chennai','1231231123','2017-12-28 09:32:52','male'),(57,176,'docss','baks','chennai','1231231123','2017-12-28 09:46:55','male'),(65,185,'docss','baks','chennai','1231231123','2017-12-28 09:57:51','male'),(66,187,'docss','baks','chennai','1231231123','2017-12-28 09:58:10','male'),(67,188,'docss','baks','chennai','1231231123','2017-12-28 10:00:54','male'),(68,190,'docss',NULL,'chennai','1231231123','2017-12-28 10:02:32','male'),(69,191,'docss',NULL,'chennai','1231231123','2017-12-28 10:03:29','male'),(70,196,'docss','baks','chennai','1231231123','2017-12-28 10:10:25','male'),(71,201,'docss','baks','chennai','1231231123','2017-12-28 10:12:27','male'),(72,207,'docss','baks','chennai','1231231123','2017-12-28 10:13:08','male'),(73,208,'vallavan','123','chennai','1234567890','2017-12-28 10:23:46','male'),(74,209,'tbagavathi','sdf','coimbatore','1234567890','2017-12-28 10:44:48','male'),(75,210,'cooldoctor','cool','trichy','1234567890','2017-12-28 11:01:30','male');
/*!40000 ALTER TABLE `user_details` ENABLE KEYS */;
UNLOCK TABLES;

--
-- Table structure for table `user_role`
--

DROP TABLE IF EXISTS `user_role`;
/*!40101 SET @saved_cs_client     = @@character_set_client */;
/*!40101 SET character_set_client = utf8 */;
CREATE TABLE `user_role` (
  `user_id` int(10) NOT NULL,
  `role_id` int(10) NOT NULL
) ENGINE=InnoDB DEFAULT CHARSET=latin1;
/*!40101 SET character_set_client = @saved_cs_client */;

--
-- Dumping data for table `user_role`
--

LOCK TABLES `user_role` WRITE;
/*!40000 ALTER TABLE `user_role` DISABLE KEYS */;
INSERT INTO `user_role` VALUES (1,1),(25,3),(26,3),(24,1),(52,1),(53,2),(54,2),(55,1),(56,3),(59,2),(109,2),(30,3),(110,3),(111,3),(112,1),(113,1),(114,1),(115,2),(117,2),(118,2),(119,2),(120,2),(121,2),(122,2),(124,2),(126,2),(127,2),(128,2),(131,2),(132,2),(133,2),(134,2),(135,2),(136,2),(137,2),(138,2),(139,2),(140,2),(154,2),(156,2),(158,2),(159,2),(162,2),(163,2),(165,2),(166,2),(168,2),(169,2),(171,2),(172,2),(173,2),(175,2),(176,2),(185,2),(187,1),(188,2),(190,2),(191,2),(196,2),(201,2),(207,2),(208,2),(209,1),(210,2);
/*!40000 ALTER TABLE `user_role` ENABLE KEYS */;
UNLOCK TABLES;

--
-- Table structure for table `user_role_type`
--

DROP TABLE IF EXISTS `user_role_type`;
/*!40101 SET @saved_cs_client     = @@character_set_client */;
/*!40101 SET character_set_client = utf8 */;
CREATE TABLE `user_role_type` (
  `role_type_id` int(10) NOT NULL AUTO_INCREMENT,
  `role_id` int(10) NOT NULL,
  `role_type_name` varchar(10) DEFAULT NULL,
  PRIMARY KEY (`role_type_id`),
  UNIQUE KEY `user_role_type_UN` (`role_type_name`),
  KEY `fk_user_role_type` (`role_id`)
) ENGINE=InnoDB AUTO_INCREMENT=5 DEFAULT CHARSET=latin1;
/*!40101 SET character_set_client = @saved_cs_client */;

--
-- Dumping data for table `user_role_type`
--

LOCK TABLES `user_role_type` WRITE;
/*!40000 ALTER TABLE `user_role_type` DISABLE KEYS */;
INSERT INTO `user_role_type` VALUES (1,1,'admin'),(3,2,'doctor'),(4,3,'patient');
/*!40000 ALTER TABLE `user_role_type` ENABLE KEYS */;
UNLOCK TABLES;

--
-- Table structure for table `user_session`
--

DROP TABLE IF EXISTS `user_session`;
/*!40101 SET @saved_cs_client     = @@character_set_client */;
/*!40101 SET character_set_client = utf8 */;
CREATE TABLE `user_session` (
  `user_session_id` int(11) unsigned NOT NULL AUTO_INCREMENT,
  `user_id` int(11) DEFAULT NULL,
  `session_auth_token` varchar(255) NOT NULL,
  `expiry_time` datetime NOT NULL,
  PRIMARY KEY (`user_session_id`),
  UNIQUE KEY `uq_session_auth_token` (`session_auth_token`),
  KEY `user_id` (`user_id`),
  CONSTRAINT `fk_user_session` FOREIGN KEY (`user_id`) REFERENCES `user` (`user_id`)
) ENGINE=InnoDB AUTO_INCREMENT=1221 DEFAULT CHARSET=latin1;
/*!40101 SET character_set_client = @saved_cs_client */;

--
-- Dumping data for table `user_session`
--

LOCK TABLES `user_session` WRITE;
/*!40000 ALTER TABLE `user_session` DISABLE KEYS */;
INSERT INTO `user_session` VALUES (2,24,'79c102d10dea3ca56470e3558c3b0a','2017-12-21 17:22:38'),(384,24,'4bc89d52c104b7c2098de6d610c1f7b7','2017-12-18 14:16:38'),(385,59,'55609a9aea983fcc7391bd45fe719551','2017-12-18 14:17:00'),(386,24,'cdadb5469b5832f56a58bd4e312b83d9','2017-12-18 14:55:27'),(387,24,'37b0bdf2f1563637f806d667591348d8','2017-12-18 15:00:44'),(388,24,'ee38dbae8fb91172b3ea3b6dbd6922f2','2017-12-18 14:56:35'),(389,24,'88ccdfe91eb46dc88f12e57ded1d532e','2017-12-18 16:14:23'),(390,24,'da9cb30aba74fa413e1b9d0560e49d67','2017-12-18 16:14:40'),(391,24,'591821c83fe1fc1944e8ea0d6786b7e4','2017-12-18 16:16:06'),(392,24,'f9617e8608f4b8225b6fc0e0412ebd0b','2017-12-18 16:16:22'),(393,24,'80b9c3699619df21b8be7a611a65c613','2017-12-18 16:17:34'),(394,24,'be4ccf3b264510e75e05fe1ddca9dfdd','2017-12-18 16:17:35'),(395,24,'29464d5f5b750dc2de8387ceefdeadf4','2017-12-18 16:17:38'),(396,24,'4fd2448898a8cda2531ad7c30b5cd333','2017-12-18 16:17:42'),(397,24,'43efe9c441b441abe9028ce52d205aa8','2017-12-18 16:28:27'),(398,24,'7365a0501e92a1e92ccc5836427f2c05','2017-12-18 16:28:54'),(399,24,'0d8faf5cdded09cf434fbc0b8737c1c2','2017-12-18 16:29:55'),(400,24,'7c54ee6aad60a4f5d3b83112a57a6bf4','2017-12-18 16:35:15'),(401,24,'7c6714348f74c37259b2079b372f194e','2017-12-18 16:34:08'),(402,24,'f78d4d1356ee72f2567a2a236a7a395e','2017-12-18 16:37:15'),(403,24,'48a1df8fe3a47dbefa70789914a5d358','2017-12-18 16:37:18'),(404,24,'563f555c92ad476d05786b0c41c0c05e','2017-12-18 16:37:56'),(405,24,'3d9e86d33335f485a04fdd5236c26f33','2017-12-18 16:38:00'),(406,24,'848e452007e2084a32714083da9ef4a0','2017-12-18 16:42:07'),(407,24,'0b24170ad44a917be4ee064b2fb7d140','2017-12-18 16:42:19'),(408,24,'ff5528e0dca516714e135bdc9d2f8a77','2017-12-18 16:42:24'),(409,24,'670004757e0247b4f9e2d74847ffb6fa','2017-12-18 16:44:55'),(410,24,'04741119e653c206cce25b34e9d0816d','2017-12-18 16:49:58'),(411,24,'4876b9612ee6d8f6b313a8cf92fb25fa','2017-12-18 16:48:28'),(412,24,'fa2f34b71021f78ff648db6303e5b021','2017-12-18 16:49:12'),(413,24,'61f4afeda83a734b0220df985d7c7338','2017-12-18 16:51:09'),(414,24,'edabe34ec49cb02658c22e13ad2253d9','2017-12-18 17:11:05'),(415,24,'b2b687198ab5f5f0b9d064a317dcb343','2017-12-18 17:11:08'),(416,24,'13f9c33acf23dcb15d1b2e095f5185b1','2017-12-18 17:11:10'),(418,24,'d516625c89cc26e3983614d48017be08','2017-12-18 17:11:25'),(419,24,'b92f5350e175426da9cfc8ff09d6a181','2017-12-18 17:11:29'),(420,24,'72ce8ca8c29b625d774bee72b433a2aa','2017-12-18 17:06:35'),(421,24,'be955b74334b2f62466b282ecbfe582c','2017-12-18 17:11:39'),(422,24,'90a28557bc1072fd45f6654e4d8e0479','2017-12-18 17:12:58'),(423,24,'437a878964c64fb439adeff7b27ff8eb','2017-12-18 17:13:18'),(424,24,'cd387b48d0b3e28edbafb7ee331022ad','2017-12-18 17:13:19'),(425,24,'026b1853f15462b4f93de9dd58b186bc','2017-12-18 17:13:51'),(426,24,'c7291551b6b327bea4bf9afd45f16afc','2017-12-18 17:13:56'),(427,24,'b9d23119b75fb0a1a6883548da021d0e','2017-12-18 17:14:10'),(428,24,'07ef675547cef3402f887c9b6744d311','2017-12-18 17:14:44'),(429,24,'a8a422bad2e33a405a24e7938128492f','2017-12-18 17:10:25'),(430,24,'530713583d1ef7b4a9ee695d8b9284cd','2017-12-18 17:11:43'),(431,24,'fb4c9079ba010cb08128e27350f34718','2017-12-18 17:12:37'),(432,24,'be166ba96b491dcbdf2dad0c56fb4b30','2017-12-18 17:15:00'),(433,24,'26fa63313531ad4ee084db1853d23334','2017-12-18 17:20:11'),(434,24,'6f324c58ea039fc998034ecc4d68ef8f','2017-12-18 17:15:34'),(435,24,'4e75c475fd35e53b697ba8e512e39e0b','2017-12-18 17:20:50'),(436,24,'afd2c1a11d5d1726c0592b4297386e08','2017-12-18 17:16:05'),(437,24,'85daa667474a63ab250688df80e7e9c9','2017-12-18 17:21:23'),(438,24,'42188cd27d1753d5dc75f8524cbbd966','2017-12-18 17:21:59'),(439,24,'1e11aea07a166ab01c64ad8eba422224','2017-12-18 17:18:21'),(440,24,'20857961491dcd206792814ff5b936c5','2017-12-18 17:19:52'),(441,24,'a13ac66b368339aa9a372be3ed13e39a','2017-12-18 17:22:28'),(442,24,'7ddc324ee0f63b5e0f79f6c1720a623f','2017-12-18 17:25:44'),(443,24,'706a1823f1641b7a4eb5ead0b72b708f','2017-12-18 17:30:46'),(444,24,'f5c93ce9c484a413fec46dcbaa42977d','2017-12-18 17:33:06'),(445,24,'c8f41a60586121dfdcc81725798c91f3','2017-12-18 17:36:11'),(446,24,'00db0f52cdd140c0f9a89916c16a2938','2017-12-18 17:37:32'),(447,24,'7e742d3db80732d96e9ec8f0a4e05c45','2017-12-18 17:43:44'),(448,24,'7c7d6df0e1862c0416391495cdebfddd','2017-12-18 17:47:27'),(449,24,'ba8317d442693eeba3b640d1d3a0c202','2017-12-18 17:46:18'),(450,24,'2155bd06ad2a5e6bbb3eef035bf3eb9f','2017-12-18 17:47:23'),(451,24,'13322c3c8e58deb117b968a9449c8475','2017-12-18 17:48:05'),(452,24,'1f7a7849012cf84993cfb2edf8a58f10','2017-12-18 17:55:48'),(453,24,'2c7ae36e4e17455437477426c0490e2f','2017-12-18 17:59:53'),(454,24,'06cf13bf1c2b5465761d128856280155','2017-12-18 18:00:23'),(455,24,'3b60da7367e55ca6e2c36a25400bbaaf','2017-12-18 18:05:37'),(456,24,'91807c135953ab86260bc94acd3c1d9f','2017-12-18 18:06:33'),(457,24,'eb52b451e08ae0f5373997726ab91f08','2017-12-18 18:07:14'),(458,24,'f75dd3ed46ef8ce2dcab82be4157c767','2017-12-18 18:07:24'),(459,24,'6fab58eddb868ecf1a9ed727a39a8785','2017-12-18 18:07:29'),(460,24,'8a667404e5506aad1f6ae1e96c22a03e','2017-12-18 18:08:01'),(461,24,'b270dc7c4f58f7d8b8ff5db3759500de','2017-12-18 18:08:23'),(462,24,'c1cf93566550025dc364334f4e006ea8','2017-12-18 18:05:07'),(463,24,'7cac3841d6734281ac83a94ac11c9f94','2017-12-18 18:05:12'),(464,24,'7928d7d7b6ca59437a4d4c14cd646c00','2017-12-18 18:08:36'),(465,24,'129d426409e1fb6809454a71a9a07d75','2017-12-18 18:13:43'),(466,24,'6d77772eb0a76d6ad2719736c619edf5','2017-12-18 18:25:07'),(467,24,'008319c55aa27ec6ee782f5a32d9c773','2017-12-18 18:21:40'),(468,24,'b42c4c001741543fcd37d00726fd03d6','2017-12-18 18:22:42'),(469,24,'0204ccabc77a763b67b5907aadd56d2c','2017-12-18 18:27:53'),(470,24,'341ff993382b4a3158ae3501208c8eeb','2017-12-18 18:28:58'),(471,24,'af808825238cbc6b71954be4ee2654e4','2017-12-18 18:29:22'),(472,24,'43047ad65165ebfcdd8a2aaa14ddcf07','2017-12-18 18:30:07'),(473,24,'a41a281ba8a609730c5a32fc4738fd2a','2017-12-18 18:31:50'),(474,24,'7598749456c099e1876a7133f44c264a','2017-12-18 18:33:02'),(475,24,'dedd95f6c2650bf029a0eb983d696ca6','2017-12-18 18:33:09'),(476,24,'c1191ef286920c482402b470509aa4c3','2017-12-18 18:33:13'),(477,24,'01b717c3e991722418fc5557452ab8c7','2017-12-18 18:33:35'),(478,24,'b8c694a2b6b2395b738960ed25b2fa1c','2017-12-18 18:34:01'),(479,24,'b947e75a526282baf7f088a6bf62372f','2017-12-18 18:35:07'),(480,24,'1e656b6f282a40f8518560b012f5fb55','2017-12-18 18:35:42'),(481,24,'18b5fb16c91b8dd5a206a3eaa6f50355','2017-12-18 18:36:21'),(482,24,'0e3067d006ce10506fe4b80b26598f15','2017-12-18 18:38:41'),(483,24,'00cc74ec1bc0f38370ec9201fd6c53f5','2017-12-18 18:40:55'),(484,24,'a1bee15feba58ae3cc84ebd1e0d80ff0','2017-12-18 18:42:54'),(485,24,'0279b2896c58bed30610d66e499bce13','2017-12-18 18:43:34'),(486,24,'314d0dcf898a43c9ece4b6dbb6174f49','2017-12-18 18:43:44'),(487,24,'1e62c8441d0189a54365bd790b42d703','2017-12-18 18:45:17'),(488,24,'efe83b6132b9b2081d49f949a2f277e6','2017-12-18 18:42:09'),(489,24,'82ab5d39085fd1262fb1503bd441b241','2017-12-18 18:51:33'),(490,24,'b73017e2252dc4011ebbc78f9ba9e45f','2017-12-18 18:52:07'),(491,24,'0018718b8927e58b4257d38c3ba1a377','2017-12-18 18:52:51'),(492,24,'0400284e6d37d2b1969921953cf333aa','2017-12-18 18:53:49'),(493,24,'3c40fcf48d64386dd388875249eaa099','2017-12-18 18:54:36'),(494,24,'8f7c3ead336f8f5a3a7f468b53ec8a20','2017-12-18 18:58:06'),(495,24,'9da7fbf313199dff7ed925ca8e41801e','2017-12-18 19:26:47'),(496,24,'cc499955f2895b51dc4ceffabbdf1417','2017-12-18 19:27:50'),(497,24,'6b218325d76d4ecd9a19a940f65ab28a','2017-12-18 19:07:33'),(498,24,'cfc375b4a0d704cb9041b85b5a77a0ab','2017-12-18 19:08:00'),(499,24,'914950f3e3e3b0423ebd629f063add91','2017-12-18 19:10:00'),(500,24,'7066dd98b85a0ea675b310525ec2bf73','2017-12-18 19:10:44'),(501,24,'6b23a6e9f4ae010b2ad2f7ee95c5dc75','2017-12-18 19:11:27'),(502,24,'fa647d5d62ffeac6d377cb3e75beeee9','2017-12-18 19:14:03'),(503,24,'df8d13722b9e4cce27124c5f1c28412d','2017-12-18 19:14:48'),(504,24,'0a86c50eee144e72ea438f474e19e882','2017-12-18 19:15:21'),(505,24,'37cd4c0844162f81688f2cb84fd47c2b','2017-12-18 19:17:09'),(506,24,'583ae915570824530de69eaace340e6d','2017-12-18 19:18:05'),(507,24,'be34629adf70724173704e4906d5b053','2017-12-18 19:15:51'),(508,24,'1816351e0e069240add7b336418dc3d4','2017-12-18 19:47:15'),(509,24,'7fecf9f1f6edecadec87377163189640','2017-12-18 19:52:47'),(510,24,'a0614ecc89052e8905d4287182db83d7','2017-12-18 20:03:51'),(511,24,'1d7d153704f1e08404de93d9cfeaeae9','2017-12-18 20:06:33'),(512,24,'ff328cbb2d35ce5a163119531f9c3d74','2017-12-18 20:08:14'),(513,24,'c4883968fe56b595ba2a3096fb340c39','2017-12-18 20:13:51'),(514,24,'929E1E21B8D93F9A3FE76CBE419C7','2017-12-18 20:35:08'),(515,24,'79b6e12f520840444725c821f97beeec','2017-12-18 20:36:04'),(516,24,'91604541b4c997938b6fde92c16244b9','2017-12-18 20:40:43'),(517,24,'8f1fe1991f9d58dc0e50ec485a2de475','2017-12-18 21:07:28'),(518,24,'ce2e245f876edac460966e1126dbbf30','2017-12-18 21:10:00'),(519,24,'20ed7cb17d21960507857830f22839f2','2017-12-18 21:13:04'),(520,24,'52efeee5b4a92d835889e320467a9f2c','2017-12-18 21:31:51'),(521,24,'f36109cc931415c000ae1cffb686f938','2017-12-18 21:38:32'),(522,24,'422499e48b81953081bc1361fd2289f4','2017-12-18 21:12:43'),(523,24,'25315d52da61c571989d0ca796a50c8c','2017-12-19 09:26:12'),(524,24,'3444e805d7a4ca32d79d2f7a04c6546f','2017-12-19 09:31:15'),(525,24,'0cf745e48d7d2a4035c45cc2b6312986','2017-12-19 10:04:54'),(526,24,'184a48a97dccd8d68480c12937490768','2017-12-19 10:09:44'),(527,24,'3ea4e693ef00df835a9100d4dd726f0e','2017-12-19 10:40:34'),(528,24,'3f7f7c1eb569a63e9612eae86b33c1d6','2017-12-19 10:25:28'),(529,24,'a3c21aea669d295fed67e55c42cc7d2b','2017-12-19 10:40:21'),(530,25,'db284208e8c04027ce318dd2c77b1543','2017-12-19 10:40:43'),(531,24,'6680f9374ff6200dbe8ccfedc59beb66','2017-12-19 10:43:54'),(532,25,'eaf7019f73ea9d58ffe19f7cc3d05a37','2017-12-19 10:44:47'),(533,25,'c5d6ca93c271bfbd0fb52576d912e2f4','2017-12-19 11:15:13'),(534,24,'860a2ac26f3e7353c8f8d23eaf53078b','2017-12-19 10:46:45'),(535,25,'b717e45af917d981e1bd1bae8a44c87e','2017-12-19 10:46:55'),(536,25,'ea459e1dde093ab407cb2799698e9344','2017-12-19 10:47:19'),(537,25,'d7605d83d62b52b402698cbd752e9702','2017-12-19 10:52:25'),(538,24,'6775b67ac9903ec8024f554ae3a81302','2017-12-19 10:49:39'),(539,25,'4ab396d1e0d3cc25b0ae66c55cb98dc4','2017-12-19 10:54:44'),(540,24,'2fd79794a735e397deaebace12d4369f','2017-12-19 10:50:43'),(541,24,'bcc30730cb1859145bdd96513cb6eca9','2017-12-19 10:56:20'),(542,24,'ca98849407006eeedbaa4a07339aa80d','2017-12-19 10:56:22'),(544,24,'a44d1abf0fde6180813ac5fac8e05c6a','2017-12-19 10:53:54'),(545,25,'ae31b5ba6ba855156e6997046223dd7d','2017-12-19 10:59:37'),(546,25,'a2b1b5e6f2ab8d32ded99f5bf7b7c48a','2017-12-19 10:59:39'),(547,25,'204c3e72e53046709d7e451d152c3cb8','2017-12-19 10:54:58'),(548,25,'d888bc8bfde3bcd6f659d30ad2e62c23','2017-12-19 11:00:13'),(549,25,'4972822c1be6a6faacfe35562b6e8044','2017-12-19 11:00:38'),(550,24,'df48093ee1c5f670ef0663a638589ab3','2017-12-19 10:58:09'),(551,24,'97fc20af82dbcd6ee9457db316007b67','2017-12-19 10:58:19'),(552,24,'9e0674e7c36c5b2708b5c77ed9d91862','2017-12-19 11:01:32'),(553,24,'84545a94de97208767dae7a7d34c894f','2017-12-19 11:06:33'),(554,24,'8b94b7bfbe4067919b0c052de4b84c14','2017-12-19 11:06:35'),(555,24,'328a913c47ab11a7b66eabc5bf6d2f26','2017-12-19 11:06:37'),(556,24,'ef9f79794ce8ca3c4bbd97b3e8cd5838','2017-12-19 11:06:59'),(557,24,'eeb31e93be28749cc2cd0818abd95c19','2017-12-19 11:07:00'),(558,24,'0d406043da0cee585addf777c566bfb3','2017-12-19 11:07:03'),(559,24,'1fd64301a07ba8423d6e897a1ffde72c','2017-12-19 11:07:04'),(560,24,'f3c94874ace5f01b1f6cd8b62c65ed2d','2017-12-19 11:03:03'),(561,24,'c848d629bfbb720170d469fbce5fecb6','2017-12-19 11:08:07'),(562,24,'7c39d8d20e95ca3022b5c158798c5985','2017-12-19 11:06:35'),(563,24,'018dfe25667d6fd012c6e2c531befba0','2017-12-19 11:11:36'),(564,24,'843ebb817fa85949a164691c8a139191','2017-12-19 11:11:38'),(565,24,'e63d015ca02aabc65bfc0fda056bb289','2017-12-19 11:11:39'),(566,24,'91150e4128e2f54a7d1e9d52755b0b95','2017-12-19 11:11:40'),(567,24,'23c9f2136bc448542f2378ea47e5faef','2017-12-19 11:11:51'),(568,24,'eacc00bc06f1ce20ba2b62c68eb7d964','2017-12-19 11:11:56'),(569,24,'719c2f69dfd7a0ae31a4426e6b6885fc','2017-12-19 11:11:57'),(570,24,'a51a396ee9b2e115ca972642b72cde9b','2017-12-19 11:12:13'),(571,24,'8d650175356317604922549175089ffb','2017-12-19 11:12:18'),(572,24,'8fc6fdf581099de7b1f529c6abbe29a4','2017-12-19 11:12:20'),(573,24,'a96eaed6d77ddd1940244a72b2e9d2fe','2017-12-19 11:12:21'),(574,24,'fd7cb1c855566e092018174b08a07c6c','2017-12-19 11:12:22'),(575,24,'38fdf684950651b5df8382ce579c4e7b','2017-12-19 11:12:25'),(578,24,'5b2a83aa4530dc7ac001bdad7df73392','2017-12-19 11:07:31'),(579,24,'0f099c40dd2ca42d534ec1feaad1f89d','2017-12-19 11:12:35'),(580,24,'3c83c2bfa698175afd8a531e1c920c12','2017-12-19 11:08:49'),(581,24,'c4bc39f1a8bf81e136cf574a1082639d','2017-12-19 11:13:52'),(582,24,'57c0395e8ccb8c52afef4a630e435f66','2017-12-19 11:13:54'),(583,24,'df9a8a2aee0eead638b238852d41663a','2017-12-19 11:13:57'),(584,24,'b9dd4aeeaf505db0a8f3e3cffa92d9d8','2017-12-19 11:14:00'),(585,24,'c76d77e59397223cfb2dcf82e9d56364','2017-12-19 11:14:01'),(586,24,'6c93a7b664003f15ba2f17b69424cee3','2017-12-19 11:09:25'),(587,24,'47378bff14d7e8210704f3af07d15eb4','2017-12-19 11:09:28'),(588,24,'e30205b9392acc6d0fb12ea937b93a83','2017-12-19 11:09:32'),(589,24,'43ac3664a80d88198f74709cf1bdb603','2017-12-19 11:14:35'),(590,24,'50c5d3daaec2ca7fb2d743680c24088a','2017-12-19 11:15:06'),(591,24,'d900ca94050af0d1292b007622e016d0','2017-12-19 11:24:27'),(592,24,'881425652f845fc5c4cd8ba437ea56fa','2017-12-19 11:24:42'),(593,24,'4eaec2b92bd71c3c65424704a0735128','2017-12-19 11:25:32'),(594,24,'722cf38be601a83ddffb0e62c7d7d746','2017-12-19 11:26:15'),(595,24,'8668de2a757df1e42ee9a7b6a2c2cbed','2017-12-19 11:27:30'),(596,24,'2076a2bce28790cdb58f52b904fe2ddf','2017-12-19 11:28:10'),(597,24,'af8ee9bfebfde906bd892942f45e7896','2017-12-19 11:30:06'),(598,24,'edc90260461cff6bcdb8f249e96da321','2017-12-19 11:35:10'),(599,24,'c047069ba848e9137e6c7de88a2140d9','2017-12-19 12:03:36'),(600,24,'5cfeabc195558ac143a60167ca723845','2017-12-19 12:03:39'),(601,24,'b3652a8e124c519ec28ac7091b4cc184','2017-12-19 12:03:42'),(602,24,'9658dafb312a89e23efbf7cdbd8a35ce','2017-12-19 12:03:52'),(603,25,'182c31c63f64ef72dbc952e91f6ba65f','2017-12-19 12:04:14'),(604,25,'cd518c2066c77fc65593309ab3957cad','2017-12-19 12:04:35'),(605,24,'44ab1fb2129c588a615057d2840b4230','2017-12-19 12:06:14'),(606,24,'0db4713fc151105c4385d69ece2eafec','2017-12-19 12:06:26'),(607,24,'357ef8ea1dac887cb738cb1d599ff361','2017-12-19 12:06:29'),(608,25,'46ba4e1098d4dae2d661389c0d21af41','2017-12-19 12:06:36'),(609,24,'e69d81e8b799827cf5b0d251c10049a8','2017-12-19 12:08:03'),(610,24,'2ad9cfbef0d34e7dfd27844e78687433','2017-12-19 12:10:47'),(611,24,'c2ae152faae40bcb7ccba2b485906d09','2017-12-19 12:11:30'),(612,24,'bf04370ca73e5ac9f45b06c012b93b2d','2017-12-19 12:42:10'),(613,24,'a395391573aa5de3a77fc85291d906da','2017-12-19 12:13:30'),(614,24,'1dd81fca932e56cb8196ad5419761420','2017-12-19 12:18:31'),(615,24,'2c3ec2b5b0352f8899d4ff85428ed6be','2017-12-19 12:22:27'),(616,24,'7382a86c2a13a5280dc87ca5daf91340','2017-12-19 12:30:38'),(617,25,'f82485f024679dfe3af065731be24584','2017-12-19 12:44:45'),(618,24,'0ce0875c04b170b7aeceafe3ae8f3526','2017-12-19 12:44:48'),(619,24,'dca3deb86956dd5468ce2d2cb3e0881f','2017-12-19 13:26:26'),(620,24,'43a386fb5bb7cb0f0179fd890af2b8fa','2017-12-19 13:09:58'),(621,24,'d16502f809ab71e157d3815e3379aebf','2017-12-19 13:11:01'),(622,24,'f9c8b94e06015bdff4186583c12e10ed','2017-12-19 13:36:59'),(623,24,'1e2dddcbbb2e4783e69c943035b65ed2','2017-12-19 13:38:39'),(624,24,'9f98d3976be30c06ba0593d0d2e9d7fa','2017-12-19 13:42:48'),(625,24,'a3f1f16e7df0560c03efd76834f1f44e','2017-12-19 13:50:53'),(626,24,'33eda0dcfc45254e40815a72bf08dbac','2017-12-19 13:52:31'),(627,24,'5e44e08741416ab0bfa9d8ff7560f0b8','2017-12-19 13:53:32'),(628,24,'3dbcf36666b97cc8c144097049b943ce','2017-12-19 13:57:34'),(629,24,'9afa06740e539250e83ee33b00cfe280','2017-12-19 14:00:56'),(630,24,'7da0f8a8f6298fdbbff857aaacebf8eb','2017-12-19 14:02:03'),(631,24,'a75befce7df033348548fe8b5c1ce440','2017-12-19 14:02:17'),(632,24,'79204c94e52cf2c06c8d754a8d33c354','2017-12-19 14:03:27'),(633,24,'011bc63f94cf01231673af4f47067065','2017-12-19 14:05:13'),(634,24,'f2249b947f76666fe94d6e32fb184a0a','2017-12-19 13:42:48'),(635,24,'b6c8c4a652afe3394801c95c2da8daef','2017-12-19 14:13:39'),(636,24,'11a02c29e9557ffe6715db37449183fc','2017-12-19 14:58:22'),(637,24,'76b6c67404573f1225f810116740da61','2017-12-19 15:01:13'),(638,24,'38979227831828521943e9aceb46e5ca','2017-12-19 15:06:06'),(639,24,'ec274ac40e065e5a663699ec6928cee5','2017-12-19 14:38:55'),(640,24,'7a3193a73aeb87e794f76d6505e8ada4','2017-12-19 14:43:57'),(641,24,'b3b1e8877c0cb63026a65f1f909d0e29','2017-12-19 15:10:29'),(642,24,'816f1119e9fb8b537636e81bef591657','2017-12-19 14:45:38'),(643,24,'00fa9ad340a3d8ddd9e35762abaf988b','2017-12-19 15:11:41'),(644,24,'5400efeaed8d77ca98990598a149ea77','2017-12-19 15:21:21'),(645,24,'a52d9325ad8bc451f597fdfd5fe4cf22','2017-12-19 15:25:14'),(646,24,'0c9a78e9545c7666198337b437626066','2017-12-19 15:29:54'),(647,24,'0fee79481087333867442f2d3a1b3856','2017-12-19 15:08:44'),(648,24,'aa7f582279e1cb620b47a8bcfab00f54','2017-12-19 15:40:38'),(649,24,'a77e9251e1aab7b082488ff7f24d1984','2017-12-19 15:12:57'),(650,24,'54e57ad2b59ea1f0e2c096bdf4df4773','2017-12-19 15:47:03'),(651,24,'de6d051525980bcac185adc39845eb5b','2017-12-19 15:27:42'),(652,24,'32d2124bcd45264c2ddbbb1b116fbd3d','2017-12-19 15:28:30'),(653,24,'79c971663e3ebcce20127250b2ced2a3','2017-12-19 15:29:26'),(654,25,'84d8fa4c7ba44f2e9c0f02feabd03391','2017-12-19 15:29:55'),(655,24,'853b694547b887c7da4ca100bce1e70e','2017-12-19 15:30:12'),(656,24,'c998480d83056804cd999f34945a9389','2017-12-19 15:30:27'),(657,24,'cb04e1212bc67a85e93d839dfb9c5d3b','2017-12-19 16:00:14'),(658,24,'7d53c8629467da294f481775130f012d','2017-12-19 16:09:45'),(659,24,'7ec3c05c687e8b0898b1196109c9fa93','2017-12-19 16:06:16'),(660,24,'232fe78ea384afc31ba68a8f97c82819','2017-12-19 16:06:54'),(661,24,'170ba6dff652d97fee41c77a417e3ea9','2017-12-19 16:08:44'),(662,24,'3a7cbca8fc70bb2ee3d28da41c536134','2017-12-19 16:09:09'),(663,24,'c127f6d30c8d802c9089fd02eb088905','2017-12-19 16:09:41'),(664,24,'5600e2c1944b486bb187b3ae9b2c2347','2017-12-19 16:10:05'),(665,24,'da497d646e909a287cd70433bca54507','2017-12-19 16:40:13'),(666,24,'5bd8ec021184d6e5811b9795fec3c250','2017-12-19 16:11:23'),(667,24,'ceb4511929bca38d629df1239b9f098b','2017-12-19 16:35:44'),(668,24,'4522a2ccd28ba7662f63cc31ddeba3dc','2017-12-19 17:04:43'),(669,24,'dc340bfcac96aead5e99eaf29e42f424','2017-12-19 17:09:59'),(671,24,'ebc1c12dd726e6bd2c8f5f8161f53f89','2017-12-19 17:10:26'),(672,24,'53086e033e5a8a7e8abebe1dd249ca64','2017-12-19 17:11:34'),(673,25,'1760cb8128402376b7479e3f9a546519','2017-12-19 18:17:07'),(674,25,'da3230b04fb512fe52a2e8a821e8cf2b','2017-12-19 18:17:11'),(675,24,'151ba600211c554780327ad361dab5f9','2017-12-19 18:36:59'),(676,24,'a59859d892bb9ff6a6c8ce0920f759fe','2017-12-19 18:45:15'),(677,24,'1f4574a99935fda992edaa383b1acf2c','2017-12-19 18:52:48'),(678,24,'59e478b04994e0f3f675a7cae434be47','2017-12-19 19:01:47'),(679,24,'6017b467bf2b6d86ba71a8a9e4f3444a','2017-12-19 18:57:36'),(680,24,'0d1047bff9f1afaabd2c595aa8e2bb22','2017-12-19 19:34:25'),(681,24,'579a3673caa3a0cab7219c31d8636664','2017-12-19 19:36:39'),(682,24,'91f20079664c0dc6e937464a051346dc','2017-12-19 19:37:33'),(683,24,'298c8136d7db12d032f4d7fa3439acd2','2017-12-20 09:45:46'),(684,24,'64b58935c12e3c02017f13d55ab32d94','2017-12-20 09:48:08'),(685,24,'2a8853226cb017e133298484e2d4f614','2017-12-20 09:49:09'),(686,53,'c9b2878f09a32d47fe3ed062132e62e2','2017-12-20 09:49:15'),(687,24,'3b93e8ea7b35c704b3988e2fc1e654d4','2017-12-20 09:52:20'),(688,24,'c2a611395d361e8ef97affec97109de3','2017-12-20 10:22:41'),(689,53,'a77b63fe6825f52eb0e6a314a88440e3','2017-12-20 10:22:47'),(690,53,'3bce2c45dd35fa049da97c115b7f23a7','2017-12-20 10:32:41'),(691,53,'d16055d05839a2d3d4485557478ad64b','2017-12-20 10:42:33'),(692,53,'7ac7a8e1d7f9ed1db0792467b5460172','2017-12-20 10:43:12'),(693,53,'304f0ac7939d8d5ccb06fe51ef02a0b6','2017-12-20 10:44:48'),(694,53,'94638010c7b4aba682feb0396082bef4','2017-12-20 10:46:25'),(695,53,'31b1065f38e89532c680c63d4d084640','2017-12-20 10:51:28'),(696,53,'b863b519c8448427fcba0e20328a798e','2017-12-20 10:51:30'),(697,53,'1328af0476c83962f16ffc2101067755','2017-12-20 10:51:40'),(698,53,'6d18d35d9335cb2447a97a31756ff076','2017-12-20 10:51:54'),(699,53,'e4ae1514ff38e08551407582bc6d5311','2017-12-20 10:52:21'),(700,53,'96d2c18705fddac5153615cca5a0a1b5','2017-12-20 10:49:36'),(701,53,'b0b711f7fedfc65dbaa00478158ca60a','2017-12-20 10:49:52'),(702,24,'23673f87d725ddad0cb18717bb2b2efd','2017-12-20 10:50:11'),(703,53,'fd21df519b17c5d08dac3f2bef849c44','2017-12-20 11:22:41'),(704,53,'83f42c22f43b24ffc527f9c8a47bf552','2017-12-20 11:23:43'),(705,53,'5bade35e60d2bca4b3fc43fc46aefe6c','2017-12-20 11:29:45'),(706,53,'b76803a5eb82f66eb1adf13d39987943','2017-12-20 11:34:49'),(707,53,'8e020cc1fe30fb9d095c5fa8d852010b','2017-12-20 11:40:16'),(708,53,'ce60e0162f52f6daa19c9b0592c84f0d','2017-12-20 11:40:47'),(709,53,'45439d33ebbc0e2226a634a92751beb9','2017-12-20 11:41:20'),(710,53,'15a3fa1c1c720a3a5a305d0102442616','2017-12-20 11:41:59'),(711,53,'d005835e770363143e9118c2daa02a23','2017-12-20 11:42:11'),(712,53,'5f14d743191b9063b4e45ed19fd422ce','2017-12-20 11:42:24'),(713,53,'13b4ea3788fb720fe2715750b1bffe57','2017-12-20 11:42:43'),(714,53,'01c5aebf9e3363c31ffdeea06ed233b2','2017-12-20 11:43:39'),(715,53,'bd07deab60073b8e3f95df577fdc38d4','2017-12-20 11:45:29'),(716,53,'6a679532538f6406bb2304dd223c6fbc','2017-12-20 11:49:37'),(717,53,'9ac6f44a51fd4804b5ed0c2ca0689016','2017-12-20 13:06:55'),(718,53,'f005797acd11b70b696739ee5577b63e','2017-12-20 13:10:02'),(719,53,'5fe2bbbc2bd502fd23f01e8f6ce0830a','2017-12-20 13:17:28'),(720,53,'25b7c9d1bcda50cd0b096a36a1bc9150','2017-12-20 13:17:31'),(721,53,'dbf54448c017e683104827640e06d56b','2017-12-20 13:17:55'),(722,24,'f618bb0e5f700f61372d33846e819384','2017-12-20 13:14:32'),(723,53,'1b62b062a0e0fb5c141f54b6d53ee2ca','2017-12-20 13:19:37'),(724,53,'27ccaa1bf8579818372a140dba07a269','2017-12-20 13:18:30'),(725,53,'6681a1c85aed792221064bd97bca6352','2017-12-20 13:19:03'),(726,53,'064193858ce9152650e5cf94722b8f2d','2017-12-20 13:19:08'),(727,24,'65eefed921f57dba5114ce84011bc1de','2017-12-20 13:19:57'),(728,53,'72354ca006e7950f4260f06d5e179931','2017-12-20 13:20:33'),(729,53,'a3a640cc2a0b25bd21582f6ebe793685','2017-12-20 13:20:39'),(730,53,'eee2ed57c6bc2b20ee96789179e8b919','2017-12-20 13:25:41'),(731,24,'2bfba811f108f8d2771cda892b350536','2017-12-20 13:32:07'),(732,24,'90301ada3650af667984ba181a984727','2017-12-20 13:32:29'),(733,24,'4a968a7cb17dbd33ad93bf50effe1159','2017-12-20 13:30:29'),(734,24,'d599390744150a06d8ca47e7d9d45954','2017-12-20 13:31:24'),(735,24,'755a2d666420e4ec65cbf91d7a69725c','2017-12-20 13:33:13'),(736,24,'25dfbd87f5b9ab12188c6fdd28140fca','2017-12-20 13:34:13'),(737,24,'adc1f548af4530a40c717bf2989f825e','2017-12-20 13:34:49'),(738,24,'7b9d6c8177cdebf0b833694cc9bc6832','2017-12-20 13:38:10'),(739,53,'268df259fb4f480592011808dabdba04','2017-12-20 13:38:33'),(740,53,'fc8b29530e8da9ee1859a7641cf5842a','2017-12-20 13:41:43'),(741,24,'d3da40ab7f3bf00c25a991563669fa18','2017-12-20 13:42:02'),(742,53,'813023642b16a20a904308b2e9381e5e','2017-12-20 13:44:14'),(743,24,'ff5b2b599e85b8eeb791b160228452d6','2017-12-20 13:46:49'),(744,53,'ac8194a920630f671e41483f2c127799','2017-12-20 13:47:19'),(745,24,'6b1b2a6f2d0c98f992350b2a749f88bb','2017-12-20 13:55:32'),(746,53,'8626cbfef03b6745de1ce870e5f46a94','2017-12-20 14:47:31'),(747,53,'5f240912d880c9069fae345e557b57cf','2017-12-20 14:48:37'),(748,24,'50c1c9dc5e420523afb1147745b13e55','2017-12-20 14:51:01'),(749,53,'670645f41ef0f7e1c3527cbb63b3d970','2017-12-20 14:52:54'),(750,53,'db24975f63cba6e9fec039265ac0445b','2017-12-20 14:53:32'),(751,53,'8f5c2aef227bce2661833d137fe0e2a4','2017-12-20 14:53:39'),(752,53,'326e9bf5d3430953fc1b39326afa213a','2017-12-20 14:54:26'),(753,53,'b27ecfd2a203e306baa272f642e50963','2017-12-20 14:55:23'),(754,53,'1bdfd578d2d83b9424912290c9161eeb','2017-12-20 14:55:47'),(755,53,'4082fc1a4e0f00cc841f3bbadb5a90d7','2017-12-20 14:56:19'),(756,53,'e298756a2dbeb0eae68ed0571c9f5c80','2017-12-20 14:56:31'),(757,53,'bea45039b9a8a8dfba4df59e080639b9','2017-12-20 14:56:51'),(758,53,'9f955287c1d7db544559f6edc2a7352f','2017-12-20 14:57:37'),(759,53,'705180cc938f60a5aa78e68093e7a670','2017-12-20 14:59:24'),(760,53,'37eb25f212e526a3081e6d5f27953045','2017-12-20 14:59:53'),(761,53,'83be3e2429219a71e12ab44bebc6686e','2017-12-20 15:01:04'),(762,53,'58806d97114d26fe6e3e4a2f70793f28','2017-12-20 15:02:00'),(763,53,'11c330e9ed5ccb12e3a18fd839db1ade','2017-12-20 15:03:58'),(764,53,'e5203287ce6e9629bfcbecc4b1f91f1c','2017-12-20 15:04:05'),(765,53,'0fff802c0a37280ed8026b3d00253354','2017-12-20 15:04:37'),(766,53,'2bbf9a2e0529bd014373bca1d7b0d55e','2017-12-20 15:08:34'),(767,53,'48e1f01c96a5139a9e8a69d303e42aae','2017-12-20 15:10:47'),(768,53,'58f67468c39889bd206fa3c8ec86f645','2017-12-20 15:14:26'),(769,53,'8a6468fc72db8cfd697e2b2a656e523a','2017-12-20 15:15:34'),(770,53,'4f23ce8e33d287d4ec5d9474e1d07ba8','2017-12-20 15:16:56'),(771,53,'53c3b0641bb421dcd12b503a0f1dbbf7','2017-12-20 15:17:05'),(772,53,'f64994235fa7cb7103086ef74252439a','2017-12-20 15:17:36'),(773,53,'748e3ed74938b9d5eabab53d1be9af64','2017-12-20 15:24:33'),(774,24,'eca473ee336583a4633a1dfe2f3b63d9','2017-12-20 15:25:00'),(775,24,'16d8e4838c87715b3d34ac9d2f5dc8d5','2017-12-20 15:26:09'),(776,24,'3c361f0c03bbcff5d8c235f2b0e217d7','2017-12-20 15:27:05'),(777,24,'b98d3ec82a2a34893fd13ab629d92610','2017-12-20 15:27:34'),(778,24,'6508e9105fd5b97f4a0764010e4b496e','2017-12-20 15:33:32'),(779,53,'a14d3ccde9af0bdadfc01d6bc5fc84c5','2017-12-20 15:38:17'),(780,53,'e0535613cad330d96312574d8ca2f8b7','2017-12-20 15:40:22'),(781,24,'ea35019d52a2f68d54bbbbaabac26b03','2017-12-20 15:41:31'),(782,24,'ae920d68a760a1a7813848f3d2e460e3','2017-12-20 15:41:57'),(783,53,'f0c33be24bbb75471830d4026d6c769c','2017-12-20 15:45:02'),(784,24,'115baf70b1836e73aeb2443234b7a204','2017-12-20 15:45:58'),(785,24,'597c5cc2c22f2f40b38a6924d41a8846','2017-12-20 15:47:48'),(786,24,'9729ebf78978b774a90e89c0efed2222','2017-12-20 16:26:43'),(787,53,'1cc2db16c19c71a3550fea4fe1776280','2017-12-20 16:28:09'),(788,25,'e55ffeec39130c58509508755a3a9276','2017-12-20 16:28:28'),(789,25,'ab59f889ec5e8d0a8b6f8e6f209c9e0d','2017-12-20 16:31:47'),(790,53,'14d0fe478414437ccdd4f098f85c302c','2017-12-20 16:32:32'),(791,53,'70493c74620c0d9818a07434b45656cf','2017-12-20 16:33:14'),(792,53,'553e20b7d60d5a7cba44389ce026d9c6','2017-12-20 16:34:48'),(793,53,'8ad16a6ca69018a46156f94ff0efcec1','2017-12-20 16:35:02'),(794,53,'af7917c0be1fdb2c537433e35e46806c','2017-12-20 16:38:26'),(795,53,'61da7e399da0a991da154afd16968f8c','2017-12-20 16:38:47'),(796,53,'56cbd26d4f967bd8031ee46fc0826c72','2017-12-20 16:39:39'),(797,53,'5c569d9e0ce71ab399952e2ec40c11c2','2017-12-20 16:44:42'),(798,53,'9f58eb4a09072a56519c8eb5a2b91427','2017-12-20 16:59:46'),(799,53,'58a85c5660b02a105c595f8c57012202','2017-12-20 17:01:58'),(800,53,'f062ccfbae71052a571cc46d52e944e6','2017-12-20 17:04:12'),(801,53,'bc5884f0083eb147b0bc8d3a51a5ab87','2017-12-20 17:05:27'),(802,53,'b9fe2797aed2c3074d2f915bb3d0997f','2017-12-20 17:09:02'),(803,53,'3feb72abbdf5539ef9248b70e383987a','2017-12-20 17:14:03'),(804,53,'3323a17933546f9b0e006e6b9c936a2e','2017-12-20 17:14:45'),(805,53,'21cc6d40033b7541d22435f8c6de6ade','2017-12-20 17:16:40'),(806,53,'1b843bcf5d3e295e4bdab24aae448dfe','2017-12-20 17:17:22'),(807,53,'1d890bafaca7de8d99abd21c799a6ddf','2017-12-20 17:18:09'),(808,53,'d3521198c6c4888156453329dc78ae34','2017-12-20 17:21:50'),(809,53,'2e8257e090d018c5cf1afdd145995808','2017-12-20 17:26:21'),(810,53,'191e5ae7860e703333344b056287ed9c','2017-12-20 17:27:31'),(811,53,'5bbc44ba5d70ba85caa26ba48446911e','2017-12-20 17:28:54'),(812,53,'a4d43994a8cf4352ce0922bbc4de65dd','2017-12-20 17:30:09'),(813,53,'5f200ec3b4770b207a66f0e93d9628d7','2017-12-20 17:30:32'),(814,53,'b9ccc5eb0f6eddec7d1edf38a37558ac','2017-12-20 17:35:52'),(815,53,'47e6b44b092efc088233cf7a72f195c4','2017-12-20 18:01:45'),(816,53,'5de961f6983363493fbf059ab1c6eec9','2017-12-20 17:46:08'),(817,53,'c8e4ae46b54e0cebbe839c293bcdb22a','2017-12-20 17:46:23'),(818,53,'70c99d137568e6399f94e82fdff16b97','2017-12-20 17:48:22'),(819,53,'ccbec19179949eaadcbed02aad9aa89e','2017-12-20 17:49:06'),(820,53,'f0c4fc905971ceb1d97082595f966016','2017-12-20 17:49:15'),(821,53,'86e8dfc759dd9f01c3b33611c7e1d26f','2017-12-20 17:50:58'),(822,53,'692fdeb83a09a00915794a580bb05ed5','2017-12-20 17:51:46'),(823,53,'c77f07183b65b878b7bb261f94f53010','2017-12-20 17:52:09'),(824,53,'acf1da858a077a641f177112e659a89f','2017-12-20 17:53:26'),(825,24,'c20f1a394203c6e1d695359f487db5b1','2017-12-20 18:37:34'),(826,53,'a90411876c3afc3c6099a2de49b7e5e1','2017-12-20 18:42:29'),(827,53,'7ebd6b6acaddc88e97d604ce6f6ce59d','2017-12-20 18:47:31'),(828,53,'29c3ff0c6c6a14d9f50b0b1ee7b47cdc','2017-12-20 18:48:02'),(829,53,'cc0e0727cbf1537d69bbe34394cfc3f0','2017-12-20 18:43:29'),(830,53,'7b19c8159b4111e6525b2163b99ede42','2017-12-20 18:43:41'),(831,53,'52af5bc9f520578ba9f3770ddf103adc','2017-12-20 18:45:35'),(832,53,'7b47a1f094c37beab614eb6188678934','2017-12-20 18:45:49'),(833,53,'0717fe7f94fc86c65dd0909e11f9f39e','2017-12-20 18:46:38'),(834,53,'4c130a177552246c64f3941af3199d83','2017-12-20 18:46:55'),(835,53,'d2197aba994e5612c5186614e3a62107','2017-12-20 18:52:17'),(836,53,'4d3482bb98aa96a382097f2eac8eb230','2017-12-20 18:55:41'),(837,53,'3b1f99a5b2a558a8ee99b4efd4508858','2017-12-20 18:56:32'),(838,53,'0f0f9567e8df6a2a221a03d3e6fc011a','2017-12-20 18:56:42'),(839,53,'8358b6a3a8f8ab7eff54b753e34b492e','2017-12-20 19:53:44'),(840,53,'27e81e7d8fa5fee8b171322e7924560b','2017-12-20 19:57:12'),(841,53,'c831a16e1946ba253d5c9003dc2db043','2017-12-20 19:59:51'),(842,53,'b5739313672f4943ecd49052c314b462','2017-12-20 20:01:39'),(843,53,'79ba1fcc4c606bab01c6e7f31fd7badf','2017-12-20 20:03:41'),(844,53,'192cbb4a38b4936f0865efe1b9fb6a3e','2017-12-20 20:03:48'),(845,53,'78b6ae5c158989f157514a6059fc205c','2017-12-20 20:13:04'),(846,53,'1a39eb61882769f528522b592c38fefc','2017-12-20 20:15:08'),(847,53,'6f9809376fd59935150b5f33e4301559','2017-12-20 20:15:34'),(848,53,'362663e4be827dc0cb6859e4cc003dd4','2017-12-21 12:42:36'),(849,53,'3c75ed001e09cf0ad7826fd7df98e4ca','2017-12-21 12:24:04'),(850,53,'f7402467f5a078014dcd3603f130a642','2017-12-21 12:24:52'),(851,53,'6310b2944f9d938e1b93fa21aa2985b4','2017-12-21 12:21:21'),(852,53,'57924feb0a48f72535e496cd78c734de','2017-12-21 12:22:49'),(853,53,'c26ce2173f8e79c6de7f1509dc271a64','2017-12-21 12:23:37'),(854,53,'83dbf9ef7a99e833bcc06a862defff68','2017-12-21 12:26:59'),(855,53,'f4c0126087fd7307da8535bc6a42f13f','2017-12-21 12:29:04'),(856,24,'3bb8737692edc155668cb2289e515c44','2017-12-21 12:31:15'),(857,53,'35f6e3c32b3f407e2166e7cca308f8bf','2017-12-21 12:33:59'),(858,53,'f3000140366c1c9890f779621c0f2a13','2017-12-21 13:05:11'),(859,24,'6f7ca29ff64c92761367685aaf6bbf22','2017-12-21 12:41:08'),(860,53,'956156f70ccd0190b73983ceb6122424','2017-12-21 12:41:34'),(861,53,'2d6deb184efe253b9154467c5676523e','2017-12-21 12:47:20'),(862,24,'b79e55811254aa4283f6cdf230c40f9f','2017-12-21 12:49:52'),(863,53,'940ca0282cef36e7c750a18d08be86fc','2017-12-21 12:52:35'),(864,53,'2d6259c453776b970fbb3638024dc948','2017-12-21 12:59:18'),(865,53,'7a6c5980358ce29ff29f9d67ccc8605b','2017-12-21 13:00:39'),(866,53,'97ac7c7f998d1df5c1a59e57e85870f1','2017-12-21 13:05:43'),(867,24,'13434aab374c705c5d62ff2ba1fd9767','2017-12-21 13:31:47'),(868,24,'1da2dca9e8e33266fc6819badb19e0a8','2017-12-21 13:09:29'),(869,24,'1f6f604cc78b658afeb687726e366b77','2017-12-21 13:05:55'),(870,24,'7072a625ddc9f20bafdcec2aeb53ed91','2017-12-21 13:06:46'),(871,53,'3db71e3c9b12fa1d7f4c36df0bfed8a3','2017-12-21 13:07:17'),(872,53,'8b8252e4145eb833bfea12823bae0c32','2017-12-21 13:10:04'),(873,53,'0b40081870e2a67ceddd56d53fc0ae0b','2017-12-21 13:40:34'),(874,53,'ca1e186ca15a38627b2e4da282020853','2017-12-21 13:19:45'),(875,53,'68c44e5b86c9e6316fe5c5366aafd6c4','2017-12-21 13:21:01'),(876,53,'924732176ca78c220eca6be190dfa470','2017-12-21 13:21:31'),(877,53,'79ea19594cab12b7220b53892dea8f02','2017-12-21 13:28:56'),(878,53,'072904196f28d64349088a5007999ba3','2017-12-21 13:29:19'),(879,53,'afa04409e4a9ca33f76124d3098ea589','2017-12-21 13:34:21'),(880,53,'b3a3b08ca46c930e106ac29738436c0d','2017-12-21 13:42:21'),(881,53,'b9455c45f2251fc9e80d20f02f453461','2017-12-21 13:43:00'),(882,53,'b8d13dfe89530117198d2058d7f2cabb','2017-12-21 13:45:06'),(883,53,'45eba7658aafd0d670f8e4d60733ce17','2017-12-21 15:23:46'),(885,24,'6591e71898124ad98cc93e6dfb1b27ea','2017-12-21 14:54:49'),(886,24,'9f69f15d4bad00bde73e886497847d12','2017-12-21 16:50:48'),(887,24,'b09a45ed3a22915580f75060297dac0d','2017-12-21 16:51:16'),(888,53,'13bc6911aae8d85ea38d16ba0ffeea88','2017-12-21 17:26:09'),(889,24,'572446348455633e68315db55b6ac5f4','2017-12-22 10:45:53'),(890,24,'e8d09e808f23f96aef0894f932371487','2017-12-22 11:16:02'),(891,24,'dcf6cc5ac44ea56ba6a804868741df69','2017-12-22 11:16:40'),(892,24,'de7b52294fcb04dffd34e4b855604fd5','2017-12-22 11:17:15'),(893,24,'5c6fdb786e21c264a57e817200841f8f','2017-12-22 10:51:30'),(894,24,'0f7ba487fc4a5f6149c96a9c7b9232d2','2017-12-22 10:55:26'),(895,24,'c23d73460807d03594b339bb8f9a627b','2017-12-22 10:57:18'),(896,24,'e5ff01f00a87d99baac7e831ba4e307b','2017-12-22 10:59:48'),(897,24,'c50a296fb485b19baf8966b506ba017c','2017-12-22 11:03:33'),(898,24,'51bf477b2c0ff194e26119f7a24e6d7b','2017-12-22 11:04:32'),(899,24,'ac464ce885d7373c839a4c98385f20db','2017-12-22 11:05:04'),(900,24,'9590360422e294f9bbe896cdeac376fb','2017-12-22 11:55:11'),(901,24,'0097ce630d191d09943e3571a5d3026d','2017-12-22 11:25:44'),(902,24,'f1d9856a77ac1e691e59e2118eb50380','2017-12-22 11:27:08'),(903,24,'fbe5ab7a04e1460e327d115d102e9f59','2017-12-22 11:28:44'),(904,24,'001fde381c48631a2177c8214dc8df39','2017-12-22 11:30:56'),(905,24,'6229676088efcc7e854f429f760392f4','2017-12-22 11:32:06'),(906,24,'820c34950aac8d9141848440ce2c0b7f','2017-12-22 11:34:44'),(907,24,'b9bbd0d4d1f6f9ddde6b6f759ab604f2','2017-12-22 11:35:51'),(908,24,'d5b58669e2bb3e4ff88f857dbead7d1f','2017-12-22 11:37:37'),(909,24,'137a0f2809da44d8120208f0959da039','2017-12-22 11:49:20'),(910,24,'0cbeee125d50d440e7cb6457ea9eb474','2017-12-22 11:50:18'),(911,24,'8c547c0228c3bdfa80b808c01820302a','2017-12-22 11:50:53'),(912,24,'b61ac34906a0ec17e18ecbbf7a705e08','2017-12-22 11:52:28'),(913,24,'eb013f328be15051a969c2fa5c839f61','2017-12-22 11:57:04'),(914,24,'0092ff10df97387b8825f29f5c116b17','2017-12-22 12:01:53'),(915,24,'1b48beea9a4964d1af95048e2fac608a','2017-12-22 12:02:14'),(916,24,'317fab3ffe446b6806b4a0d07cca0fe3','2017-12-22 12:04:16'),(917,24,'c9067c966e982a461bbabf50c5c7c40f','2017-12-22 12:34:20'),(918,24,'0c725bcec7eda0a00c35babc105ee860','2017-12-22 12:07:03'),(919,24,'f8bd55c65845d0418c110a587e90094a','2017-12-22 12:26:45'),(920,24,'f7b823c65b1dddd4867ebdacb38c0a0a','2017-12-22 12:27:37'),(921,24,'13ec94d750d0dc7de55dbd0ca89079eb','2017-12-22 12:28:55'),(922,24,'1051cc766d6fd83e68dce620b444df34','2017-12-22 12:29:30'),(923,24,'5ee15362801cb45ab11c6b1b719e2922','2017-12-22 12:30:04'),(924,24,'fc4278cd64c0595fc109df90f69b1deb','2017-12-22 12:30:15'),(925,24,'4fb99d8b1c934e33e7643afd7b78e74f','2017-12-22 12:31:22'),(926,24,'137d6b55028c08d8490a620b7d18f002','2017-12-22 12:32:16'),(927,24,'8aa13f33bfefe98a504bc53249778c30','2017-12-22 12:33:24'),(928,24,'15114fca5c8be444cc4c0638712f2728','2017-12-22 12:33:44'),(929,24,'7aa5cab1e5098c2af73ccb5aea1f04a7','2017-12-22 12:34:10'),(930,24,'d6063b2e38b05dca29c1a36cb3767c66','2017-12-22 12:34:50'),(931,24,'3b40cdbe073769e746470a348b289e6f','2017-12-22 12:59:34'),(932,24,'3bf5d7149e749c66706c0cfe5b2992c9','2017-12-22 13:01:44'),(933,24,'1ccdf1827550587cb1fb0e83216f4872','2017-12-22 13:04:52'),(934,24,'fdd70dc0bad256d6d88d7e18cb2a88cb','2017-12-22 13:05:06'),(935,24,'5512b1e3603050d13148e6dca36b18fc','2017-12-22 13:13:57'),(936,24,'031dd57805a01edc8a66fa94651114c9','2017-12-22 13:20:15'),(937,24,'ee67770658ea8820373f1fe85a2c58f3','2017-12-22 13:21:21'),(938,24,'79d29f5b8fac0f61e076ea092fa0d858','2017-12-22 13:36:08'),(939,24,'1a9097be87823c2214f5bce7e5dfd636','2017-12-22 13:36:32'),(940,24,'c8e804744e79e4ccdd7fafe13420a5e5','2017-12-22 13:38:31'),(941,24,'a5ff8a73186ae146827a7d0a57d29f08','2017-12-22 13:39:06'),(942,24,'b5d3d42c3d2e2de3c5061337942295ad','2017-12-22 13:41:18'),(943,24,'059d4ffcaaa1acd966db454ff67083cf','2017-12-22 13:41:29'),(944,24,'1d6484fd101a3582f0c3284532155513','2017-12-22 14:14:41'),(945,24,'bf7ec63de643fab0b4149238dfd1a36b','2017-12-22 13:56:19'),(946,24,'c668950070435cf15ed3b3f2c66accff','2017-12-22 13:57:33'),(947,24,'e3345cf877d1b55fce06f4dd211be3c8','2017-12-22 13:58:58'),(948,24,'26fad20c1ecb48330651ac73bcf8708c','2017-12-22 14:00:56'),(949,24,'cc1b6892d3afc0b74b31e8fe205f150e','2017-12-22 14:01:00'),(950,24,'9a4f476c0cae017682ce76c8d5eebefd','2017-12-22 14:04:03'),(951,53,'5930ed0c99930d11cf9557ccf59d721f','2017-12-22 14:35:20'),(952,53,'1c4ed3126349390cc057617a50923687','2017-12-22 14:06:15'),(953,25,'a8bb8037bdf97731d9976b9a42bf8cd2','2017-12-22 14:06:54'),(954,24,'83b2e25ca9d53e1fadfda7445b2110eb','2017-12-22 14:54:01'),(955,24,'fa2b3ecd7108edadbd14df06a13b4458','2017-12-22 15:28:13'),(956,24,'6e8ed6c1f8435560dfaf1a8976aab6ba','2017-12-22 15:00:53'),(957,24,'ac0db675267b7cc7294327172feb4f47','2017-12-22 15:08:59'),(958,24,'183913f63b463bbd51a566c863fa8fc1','2017-12-22 15:09:02'),(959,24,'614ebefe5a890c97fc885e7209f00bdc','2017-12-22 15:10:29'),(960,24,'78316a8884ac151369b0ce8eced1bd6a','2017-12-22 15:18:06'),(961,24,'11f97411c63cc1e92bf7ec2a39e55cbf','2017-12-22 15:23:59'),(962,24,'5da2e12a3b23bebf31c65901ed422145','2017-12-22 15:24:31'),(963,24,'ed83161bf6dcbe01fbb15c0de3faf97a','2017-12-22 15:26:28'),(964,24,'005114a2575d16582da1886b51ceec8f','2017-12-22 15:36:04'),(965,24,'7e1352ae2add2db8c13c794d89a7893f','2017-12-22 15:41:08'),(966,24,'4b161ae4953f1873e2522918a14bf524','2017-12-22 16:12:29'),(967,24,'c6037d83076c61606076877b30cc9e52','2017-12-22 15:48:26'),(968,24,'fc8d35eafe4e295bff82a381f7bc2c2a','2017-12-22 15:52:28'),(969,24,'46631cfbffd1d61f3feea5151e14ce6c','2017-12-22 15:58:49'),(970,24,'c6fc32cbe1daa900ef83e85c3ef33ef6','2017-12-22 15:59:11'),(971,24,'8935572c42a5a41c7c0347c1c1359e32','2017-12-22 16:08:48'),(972,24,'d27a6d1425597b046b34f3cc92496261','2017-12-22 16:10:05'),(973,24,'2b67c613b2357d7b16ed5b8edfcc6085','2017-12-22 16:10:33'),(974,24,'b5b96090c558e36e62a17dacdce72fc9','2017-12-22 16:12:20'),(975,24,'4ed1ab92407e32a163c9fc675ac5ebda','2017-12-22 16:13:36'),(976,24,'d45f9543f798e6b00ebff13f0f0ced3d','2017-12-22 16:17:17'),(977,24,'d19dc15bae2898015cf58cec9d029d45','2017-12-22 16:27:20'),(978,24,'726c9acd40fc6987b1e8d75b0acea613','2017-12-22 16:28:39'),(979,24,'f30e1b81fafdd7ee1b0e9b97d33c2edc','2017-12-22 16:29:06'),(980,24,'4c19fab0d745d10cd804306d0a4734cb','2017-12-22 16:29:41'),(981,24,'5d389a800c2382483b49b2162e76e4e4','2017-12-22 16:31:19'),(982,24,'500c3107e331cf02978d16c6b037d798','2017-12-22 16:34:37'),(983,24,'75893edb1e26615b7d0839b7434ece94','2017-12-22 16:36:21'),(984,24,'5bfa58b4146f730ce00fbebbf8b0a116','2017-12-22 16:37:42'),(985,24,'b5474484950294e1ea97746cec389c17','2017-12-22 17:07:43'),(986,24,'e7ed04dc9bdd7aeb38d799d94c0d026f','2017-12-22 16:40:15'),(987,24,'a6ef4ffea0690de2516f722b5bb481d1','2017-12-22 16:41:12'),(988,24,'5c330925ba1ac47cc3aa36c41d3f075f','2017-12-22 16:41:51'),(989,24,'8d9d1587d7e107299342727bc10942f1','2017-12-22 17:11:58'),(990,24,'808403e42dd81ee053b30d86f39d292e','2017-12-22 16:43:26'),(991,24,'9937b87edc49e6c7e034ef794694c24c','2017-12-22 16:44:06'),(992,24,'e9d6d65ddc0099c9bbe6671e9ee3efbf','2017-12-22 16:44:51'),(993,24,'0e62fbf9f199a68ea2251f772f8871ea','2017-12-22 16:45:28'),(994,24,'38921f7fbd2227cfb1d34ee013f5b46a','2017-12-22 16:49:03'),(995,24,'07a4e1f7e7daf7dc49dab57fdb5e2e2f','2017-12-22 16:51:14'),(996,24,'392c518654c4a21b2ba919e0110042e7','2017-12-22 17:21:18'),(997,24,'b7d79659e6094e7700fb0bdc1ce0a722','2017-12-26 09:56:01'),(998,24,'181ae7d5cdce1e013e6df73f2de3e4ab','2017-12-26 09:56:39'),(999,24,'829c65efea1b4266ddce37062fba798a','2017-12-26 09:59:33'),(1000,24,'bdf2779fe55a35801143f222eb423c5a','2017-12-26 09:59:53'),(1001,24,'1d7d6721b8af62064ee7083449923da0','2017-12-26 10:00:23'),(1002,24,'d099fac495c522c526d2dd4789e80a41','2017-12-26 10:02:04'),(1003,24,'d143d50bdecb3340d16af1278ed85d47','2017-12-26 10:06:36'),(1004,24,'cbc39ecd5d4fdeee1fa8353f67b5fdb6','2017-12-26 10:09:22'),(1005,24,'058633e5966946af485fbd13d0feb010','2017-12-26 10:11:51'),(1006,24,'836881a0f2f410447c92f06fd56226de','2017-12-26 10:16:21'),(1007,24,'9be59d8194da895242ead6fac79c4803','2017-12-26 10:17:16'),(1008,24,'36e2434cd4f45927c5f883a57ed2cdf5','2017-12-26 10:20:09'),(1009,24,'9cb839cc1edbd0ec053912c50f19de6e','2017-12-26 10:21:00'),(1010,24,'9a9742475464e3d4ae2bdf1f78b907d0','2017-12-26 10:22:37'),(1011,24,'bb500a9ec61d696432d782a044728f6d','2017-12-26 10:26:32'),(1012,24,'98dc5780f34ad929299221d3824efd3a','2017-12-26 10:26:48'),(1013,24,'eec4b0b8e7a9a9a1f7c60f90bb13215c','2017-12-26 10:28:04'),(1014,24,'c9bdeff0dd6d3e3c3d234c68397d4956','2017-12-26 10:30:27'),(1015,24,'395052f4310820086f93789c1649c3d8','2017-12-26 10:31:31'),(1016,24,'1f8cc648e61e07acd7317a24a0c4a3d7','2017-12-26 10:35:53'),(1017,24,'35decaadd96b457d21a55e63d62a76c1','2017-12-26 10:36:40'),(1018,24,'776006b589cc1bf9c276d43872ac4646','2017-12-26 10:37:19'),(1019,24,'c8ecd222025263ffca7a8e5f2c58cfcb','2017-12-26 10:40:12'),(1020,24,'48ff801b9db1e76a0a53b3b102df9739','2017-12-26 10:44:55'),(1021,24,'7cbf08c6e19546b46f371117ddd14970','2017-12-26 10:46:16'),(1022,24,'89714f21982a688d1bb95b8f1ebcf9cf','2017-12-26 10:48:11'),(1023,24,'40fda22f036fbfe857c1c8a73b4b7af8','2017-12-26 10:50:45'),(1024,24,'0d4e64a583762adf598316a625751ce8','2017-12-26 10:58:22'),(1025,24,'b4d62a0c41b8c586d6f777dcdc71454c','2017-12-26 10:59:36'),(1026,24,'396b4bbc19b26a0c6ae6c953ce125b0d','2017-12-26 10:59:48'),(1027,24,'50537790c06a4d93fea9752d26560518','2017-12-26 11:00:53'),(1028,24,'101cd3bedefa22c5a57b2143371b8ea4','2017-12-26 11:01:08'),(1029,24,'eeef52e614e5999b69e28038a479292e','2017-12-26 11:21:22'),(1030,24,'a985b6f20c1c0eb4f0bfc63854fea2fb','2017-12-26 11:21:52'),(1031,24,'767b95b0907e50cb1b3bd1bcdef1b475','2017-12-26 11:22:17'),(1032,24,'c66367337bc857b313ebce40ac6a5583','2017-12-26 11:24:45'),(1033,24,'841048bd8a8448b8f18618101e4e2aec','2017-12-26 12:13:08'),(1034,24,'99e7924506639d7214948380cdbb3194','2017-12-26 11:44:05'),(1035,24,'8e4bc2e2c831d1d7ae646077f3c4ff12','2017-12-26 12:03:37'),(1037,24,'07219b07717035e1c20d63e8a8806bb8','2017-12-26 12:03:46'),(1038,24,'95343960acd09ab94423135c81a63504','2017-12-26 12:03:52'),(1039,24,'a6467f82d80d724b575c2aefde2c305b','2017-12-26 12:34:30'),(1040,24,'92cfb747195ff1120162f950d75e822e','2017-12-26 12:47:30'),(1041,24,'7d092298c84eac45729d604711a08c9d','2017-12-26 12:49:02'),(1042,24,'27a3fcbcecd32494f1b3d7f152072089','2017-12-26 12:51:46'),(1043,24,'3bfdeb7b6b0ab2ada77c1502e93d42cd','2017-12-26 12:56:53'),(1044,24,'ebe46b6a25c1cdcb9cdc916e5af92805','2017-12-26 13:02:59'),(1045,24,'719194dcfbe4c5ec5499befcaaa157ae','2017-12-26 13:03:13'),(1046,24,'2324ef71c7566054cd0e5d8e4184c88f','2017-12-26 13:05:42'),(1047,24,'ed228810b3dfcaf3d975ba8b5315297e','2017-12-26 13:08:11'),(1048,24,'8a54846ed4b3421a0ad55c95ea24cf04','2017-12-26 13:08:39'),(1049,24,'d332bb688fde6f7291b4c3f71948fe6f','2017-12-26 13:10:19'),(1050,24,'cce49417625d1718218d94ff5d9681e2','2017-12-26 13:13:33'),(1051,24,'2853780dc0d0908d82e3b89924eb933a','2017-12-26 13:15:29'),(1052,24,'f3901b8f9e107be601abcbb6968fb1b1','2017-12-26 13:16:06'),(1053,24,'2b5ec36a208b1510fdd84d378005aa9c','2017-12-26 13:18:32'),(1054,24,'a496af93ca22177c572aae200e443ac1','2017-12-26 13:19:29'),(1055,24,'27d5794206d7626c81b470892dcb500f','2017-12-26 13:23:06'),(1056,24,'c1af2e445d22e0e549ad102a204e867e','2017-12-26 13:26:51'),(1057,24,'d5b302def4081dc7d146153babeea6bd','2017-12-26 13:29:18'),(1058,24,'33975ab9e483a8620c93d10ec5c9dbcf','2017-12-26 13:31:39'),(1059,24,'0aa0f6f1570cc81f4db3581bebb07fb4','2017-12-26 14:01:43'),(1060,24,'7ee01f19f2066b6b83b7ba761f350a93','2017-12-26 14:19:57'),(1061,24,'d889ba959528ba931bf71dc77afe1de5','2017-12-26 14:47:00'),(1062,24,'dae0de1ce6c637469cbe67fd896996d8','2017-12-26 14:54:03'),(1063,24,'0d1a1fe213a689c515318e876ccae61c','2017-12-26 15:00:22'),(1064,24,'232abee7803bf3e9a47c295aa76afa15','2017-12-26 15:10:45'),(1065,24,'000a8f7c706ec0ef2f157a8ab5f315d5','2017-12-26 15:14:48'),(1066,24,'c437bbd81e6e4670b104abccbb81ab52','2017-12-26 15:16:15'),(1067,24,'66442b0256827855d2c1dcad15b76243','2017-12-26 15:18:20'),(1068,24,'0db784fd8fc54a8a04b28bff3a80212a','2017-12-26 15:26:01'),(1069,24,'4a6ea541c4f1cea1ac8fb23a6093bc3c','2017-12-26 15:56:02'),(1070,24,'fdcd9960d5ae0c83a51822c1eebacdb6','2017-12-26 16:00:05'),(1071,24,'abe8597d2f0a5e4217629bf331191d24','2017-12-26 16:00:21'),(1072,24,'bb7e097328676789870922546c3941ff','2017-12-26 15:30:50'),(1073,24,'e71869d18c1b84d5fe9154c83ee67326','2017-12-26 16:00:51'),(1074,24,'fabf708b3aeee278e0656a5cf5fbc6b2','2017-12-26 16:07:20'),(1075,24,'504a3365506740d8f40a56facccab19a','2017-12-26 16:07:39'),(1076,24,'5341a1fd4b0f0099149daacdc3bf9af5','2017-12-26 16:07:59'),(1077,24,'c2699a7d4523799ed12332345e76d960','2017-12-26 16:15:41'),(1078,24,'76ab39a81ad3852d825b2688ce60d6ab','2017-12-26 16:16:04'),(1079,24,'9fbd2b7313d2792898e75c871903dd06','2017-12-26 16:16:33'),(1080,24,'4c36c57adbad03e2dacff8962af424d5','2017-12-26 16:17:18'),(1081,24,'99beecec1bb3b84a7f31799c565fe320','2017-12-26 16:18:24'),(1082,24,'5035906e2f9fa2e04daa5b70ba4c3723','2017-12-26 16:18:55'),(1083,24,'410a8ccc2ba029ffe4a8b74d393985fc','2017-12-26 16:25:51'),(1084,24,'f2a3fc2551227150ae618128ee916388','2017-12-26 16:26:38'),(1085,24,'eb89d94484af1bdbe560c4c3b7dea030','2017-12-26 16:27:38'),(1086,24,'3a417774308138fa855bbacf0ebf41ee','2017-12-26 16:35:49'),(1087,24,'cad6a1dce0f5fb9df94deac4d4c4f912','2017-12-26 16:38:21'),(1088,24,'aba59337e5c25f12a1814821f405df73','2017-12-26 16:40:49'),(1089,24,'e0fe99a18a70f0ccafbe28381ec0f97b','2017-12-26 16:41:14'),(1090,53,'6f6c924f997e507d8f5f64df181c3b06','2017-12-26 16:43:09'),(1091,25,'486b49b19dfbfaecef2a5f1d92c950b4','2017-12-26 16:43:35'),(1092,53,'2252fea7e93845e4c04e2cd92861d267','2017-12-26 16:44:18'),(1093,53,'e6d0ca6cdc3b2a14b796cabc6d095df4','2017-12-26 16:46:43'),(1094,53,'797f3fd454d4707dac8994483ca1e0b3','2017-12-26 16:46:51'),(1095,53,'b67628e502840fe311e251ed6c5c4e6a','2017-12-26 16:48:03'),(1096,53,'cd01bfd51cd7eae7c8ed1254a11e304f','2017-12-26 16:49:58'),(1097,53,'7a3016da4aafac2dbecae545d9b35203','2017-12-26 16:55:43'),(1098,53,'9f17835c408e114e2d04c78187c5c99c','2017-12-26 16:57:35'),(1099,53,'8ea85ece9d567b8f28d845a9f0b95349','2017-12-26 17:00:55'),(1100,53,'cdac35e02e51ff4abd0c70bca4b3362b','2017-12-26 17:31:02'),(1101,24,'1e18d7b7a92c35af71bab02f7a610c4c','2017-12-26 17:03:06'),(1102,53,'ab0d984627396399fc232a351923c07b','2017-12-26 17:03:52'),(1103,53,'4ec5921e217acfb7bd617a354916f9ca','2017-12-26 17:04:15'),(1104,24,'129d1febd9cf8197b72a1d5876b6b03a','2017-12-26 17:05:10'),(1105,24,'41dff6bb01b0fbffa3acc798a37f9fc7','2017-12-26 17:05:17'),(1106,24,'2a4fcca4ec6dcddf60511bc69abb32f5','2017-12-26 17:05:35'),(1107,53,'b1e6244d0b93ad183c3ee240b76e35b7','2017-12-26 17:08:12'),(1108,24,'c3f1e0169e0e3d49ca1529a8e779d8af','2017-12-26 17:08:18'),(1109,109,'03463b212a9c9f61c55e61289c2c9982','2017-12-26 17:12:54'),(1110,24,'48116a4c0fd48a2704f020267cb26e7f','2017-12-26 17:13:01'),(1111,109,'a2abb0b44d5047c68577b49fd24f35c7','2017-12-26 17:14:41'),(1112,109,'51246fa0bf6c3244f21536751f0475d2','2017-12-26 17:15:55'),(1113,109,'1437dfa1ec6001cda4672ba6cb91718f','2017-12-26 17:16:07'),(1114,53,'e6b6c3ed26bf000f41a564d54b07f4d1','2017-12-26 17:24:04'),(1115,53,'5704af1ea7924d5fb1a8f5b9e8fd8c8c','2017-12-26 17:25:21'),(1116,53,'428e9d2a50f58a9c286c5a0748ab1383','2017-12-26 17:25:45'),(1117,53,'b54a2aff515e31c77ac17a6ab7c3cf70','2017-12-26 17:28:02'),(1118,24,'723880a352c11a8e84b1d19260ffceac','2017-12-26 17:28:07'),(1119,53,'4b917e4e8e40c72e8a4143da884d7c8d','2017-12-26 17:28:20'),(1120,53,'eb1870a448459219def7686cdf7814fa','2017-12-26 17:30:26'),(1121,53,'e85166c2c6a0ce465fd48f67d39054f9','2017-12-26 17:33:02'),(1122,53,'1a89477871baa158378d7704b55e6675','2017-12-26 17:34:08'),(1123,53,'5e09efef77e38109487c15e17e863af6','2017-12-26 17:34:34'),(1124,53,'c9fe2a8b77ceec62497e7f3ac824aba9','2017-12-26 17:35:48'),(1125,53,'40bf5dd01ab3a54e3cead5d00b6457f1','2017-12-26 17:36:39'),(1126,24,'ceec6d1d7d34ca602adfa5a96da1e866','2017-12-26 18:06:44'),(1127,24,'6450c174b25a1fd8c7565c3a9d1549de','2017-12-27 11:02:58'),(1128,24,'f9ff4853719ff6014daf3977c015d140','2017-12-27 11:05:00'),(1129,24,'a7dd5f8166791e4a3ad8ff0f9c650aca','2017-12-27 11:10:42'),(1130,24,'6047baf027dbcbd92d5be5ac9bd2cd6b','2017-12-27 11:30:56'),(1131,24,'d3e14e584ce68cd970e33be3b3339b63','2017-12-27 12:09:48'),(1132,24,'18aa3ebdb078e0732a19859ab14ce973','2017-12-27 12:53:48'),(1133,24,'289cd01b3a97eff8b42305c75421f60f','2017-12-27 13:08:46'),(1134,24,'48161b9aa83c645ffe235798ca4d6c39','2017-12-27 13:08:52'),(1135,24,'5c3f2b8a17c3232ee91320a85ae97710','2017-12-27 13:39:10'),(1136,24,'44914dd1dd5965e89d1030a97d6fac77','2017-12-27 15:04:29'),(1137,24,'d2b71b08d11b2eeb06980d28990ac8bb','2017-12-27 14:49:24'),(1138,24,'5aeede8255070f1a8868d8d22c4dfe9c','2017-12-27 14:54:57'),(1139,53,'bc1eb20c5b9b92b0fbaf2d0db2cc571c','2017-12-27 15:06:07'),(1140,24,'70a64659fb49f224378333d66f50a0ca','2017-12-27 15:09:33'),(1141,24,'92b22c8e57010290ea46a9f3b48d8cb0','2017-12-27 15:09:46'),(1142,53,'35c6c3d7bd7f7e95e522c571823714f8','2017-12-27 15:15:04'),(1143,24,'52c3359942eb6697fc6368199d4da2bf','2017-12-27 15:15:37'),(1144,24,'8eeefd3b275b4bb322760281070ec2fc','2017-12-27 15:20:49'),(1145,24,'ea39f0336783db3f9f384105318ce9b8','2017-12-27 15:25:15'),(1146,24,'cf27d3b391137ff3afb5c14f7d9d0be9','2017-12-27 15:25:41'),(1147,24,'abd8c3a1948e230cf23fcd1fe3f136fa','2017-12-27 15:25:46'),(1148,24,'b8ac17123cd2f17879b721dd3f903b9f','2017-12-27 15:25:51'),(1149,53,'8efda08f7ea9d002e5f6cfa0a5b27260','2017-12-27 15:26:43'),(1150,56,'2ce3aeaffaf35fbfc962bfe86b1a339d','2017-12-27 15:37:09'),(1151,56,'a954b4f03148bc679d46e9312895ba03','2017-12-27 15:37:30'),(1152,53,'a098121d22070dd087ac3c299dac8d92','2017-12-27 15:38:22'),(1153,56,'d184010befd3c2d4f13894e4c9a7023f','2017-12-27 15:41:08'),(1154,53,'ca0be247f915f1a6c5b9854563f0aa7f','2017-12-27 15:50:04'),(1155,56,'93d99e63a7bd242be7c9828c2778bd29','2017-12-27 15:51:14'),(1156,53,'274cc19b5a6d93fedbaf75025b818846','2017-12-27 15:52:30'),(1157,56,'4300b52d2d5feb934ab9dd0f67f735dd','2017-12-27 15:53:30'),(1158,56,'b61e86b38c17c2a4f281d0606008aa78','2017-12-27 15:56:22'),(1159,56,'45f6efb19287796b7bf27a57c340ad83','2017-12-27 15:58:34'),(1160,24,'422f0d85501f94ca7b092c1c08dac6df','2017-12-27 16:24:02'),(1161,56,'70e3d426d6b8e7a594f3427c31981d3c','2017-12-27 16:24:07'),(1162,24,'8bfbf89baa96b401aeb6f0e087e06f5b','2017-12-27 16:24:25'),(1163,53,'96b6b9ff3ade5bf46e7e52271384cc07','2017-12-27 16:24:36'),(1164,24,'58b7816128058e9ea486311083928f12','2017-12-27 16:28:08'),(1165,56,'c616a39f78148536b9fc51ebaeebc7c3','2017-12-27 16:28:14'),(1166,56,'a2013d365a1f87fc3b4a235b226d59c8','2017-12-27 16:28:24'),(1167,56,'7db860135afe8b524603a5032dd0cdbf','2017-12-27 16:28:28'),(1168,56,'2337a17bb06cbbdffc0a987ea6210c7f','2017-12-27 16:28:30'),(1169,53,'8f5b8404da2c8337c88b337736745a19','2017-12-27 16:29:01'),(1170,56,'4539ddd3934958e94d29a2f8eb3c6d64','2017-12-27 16:29:07'),(1171,24,'58d31e72e305adaa3d20a6aa2c0dc99e','2017-12-27 16:48:32'),(1172,56,'a02b99c635cc406319b9f8b176d662a2','2017-12-27 16:48:58'),(1173,24,'3f1de1dab3472d2d23584a215eb88d53','2017-12-27 16:50:07'),(1174,24,'d63709940d986eb98aec940ce8a24ab0126328d040049dd6a3be47fd502c86ac','2017-12-27 16:58:49'),(1175,56,'20ebbb222a46120315e85b3ae7035f79abb598db23320699837710fcc27fb1bf','2017-12-27 16:59:39'),(1176,56,'0e4fd61fb213fb4eb33eab5c7002bcb1df255d15f0684e2613ec6340df70b49e','2017-12-27 17:30:47'),(1177,24,'8c6f5eb957e99a7a5ce43fa66302664a39a2d5dfc3f560b88d721676a3ddd88f','2017-12-28 10:43:07'),(1178,56,'adc48900c565164c2909129ea3b12909df2f25910a0e78d4489f6236583dbbf9','2017-12-28 10:20:49'),(1179,24,'e18f8a528abe01a57a27e5a451ac74f9ae3a0caf65509a2e5d9f47d686b79c49','2017-12-28 10:29:00'),(1180,56,'f6bb564460ce69b4b86f0df15d9807d48acc881574c762729e6643dbc8c8c025','2017-12-28 10:29:08'),(1181,24,'463784737204d0c2d2bdd3ce2a3806e664dbfd3df38c844bc50896b9ce9fdd36','2017-12-28 10:29:19'),(1182,56,'a2a40c6e147fb3a6c01fd37a9c86492e25995297c05d6fd1acbe803e69d316d0','2017-12-28 10:29:24'),(1183,56,'b3306b27f5f71cf1fd018d51508f7bda38a6ea9cbac04114a4eda3167a81433e','2017-12-28 10:29:28'),(1184,56,'b6f53c17921adbef449d3696081863cb2d938eb902f00f2bbf72483ffa4d20cc','2017-12-28 10:32:10'),(1185,56,'944f1230cd95c9a7189217d99ff14914ef2c95553b32ff0ca5e40eedcbab096f','2017-12-28 10:38:10'),(1186,56,'6dabaad12db90dc9e699b7ced9fe2c489365ef9bf9d45c8527add95867e3b01d','2017-12-28 10:38:54'),(1187,24,'9d85b7ec83259e3a6b253148395f57eaf1fd69742ab54a964b518b9b03334520','2017-12-28 11:08:57'),(1188,24,'9e7cb54c33fa4593c211e936e450692b9bd9df50039c7a7093767fa6e14fb496','2017-12-28 11:10:53'),(1189,24,'b391c1f046dbc758e0a4628b759b8e1dff309465368391c8f8d0392747a90c4d','2017-12-28 10:41:53'),(1190,56,'c926c25e88a81d2ff427c1a943b0cd4ffee3e7ccbf920d6122be5628d3fa9bc1','2017-12-28 10:41:58'),(1191,24,'f813685ca0d3590d42e34843159868080781b19b86ff4afc117804ad4517ed79','2017-12-28 10:42:59'),(1192,24,'8ec4b1a450552720423c8cc6092d4a332ae2472e7c9aeff06decff0b672ed278','2017-12-28 10:43:28'),(1193,56,'36abf84961931458d0a76db89bd1f62a31e2f1db9fc172ffa0998fe0ee2a4220','2017-12-28 10:43:33'),(1194,56,'dfdeba4b93b6dd68c3999c2d5449bb8ad2d453cb07a2e169d6b5d51d52db5de0','2017-12-28 10:43:36'),(1195,24,'0e41bbec6c01018dec965394696fd6b170049148ebb3d1bc42dd823a74cc8f48','2017-12-28 10:44:52'),(1196,56,'a65e6f9b71e2cffcf21809ab505276ea7503a0367e92bc75496e677df0b4d555','2017-12-28 10:44:55'),(1197,24,'1bdc850d78b87fd42345c76d433564f9247273c77487e9c726534f48854c08bf','2017-12-28 10:45:00'),(1198,24,'fa1e9d78f2705108e10f223988267a7a11a50be4f5c74838ab52426655518bb3','2017-12-28 10:46:49'),(1199,56,'5446a1158bcf2c0661a7dd9b2dba42e23361e4fec4fc5ffd28945aeb996047d9','2017-12-28 10:56:41'),(1200,24,'6fb570000cb05db7d3498e5de63491abbbbbca788d41c3ed88dd9f6aaaf1dacf','2017-12-28 11:01:35'),(1201,24,'e39111918ea34b04b0fc724b3a5cfee0baea30805e81e826ed6e40b96f13f2c6','2017-12-28 11:03:58'),(1202,56,'5ef5bb205d0ab609ce1ad8bd08328244066b7686a0129619994dfd0bebe67033','2017-12-28 11:04:45'),(1203,24,'f3dedc7398858721a411ab921b0574eca0f94dc507560ab2717ede207006442e','2017-12-28 11:06:03'),(1204,56,'3ae40f68073bc4820b96a56d808e57b55de36fc69e439982e3c5b1b83d450ccd','2017-12-28 11:06:58'),(1205,24,'c263cac91bdc9d7b4f8d90600c390cac53965d9a621d38365a2d85e25cfbfbff','2017-12-28 11:07:02'),(1206,53,'6414a25fe8dfc6f2445e82998ec579aea889a57f9a308f4c9849c73ede0acdf9','2017-12-28 11:07:28'),(1207,56,'51c94a808cffdaf8b37ca9f308b666ff07fbdd01a006df8351dec68f1b075c6b','2017-12-28 11:18:10'),(1208,56,'1563fd8ea69480ad4da8678c5f0ddf525fa9fe4e213aceb47db6c12c9024f9f1','2017-12-28 11:23:25'),(1209,56,'46bceef1604621de87efb373b54df7d96d19015ede5a9580d78d015c91fb16b6','2017-12-28 11:31:51'),(1210,56,'c22507a3e1fb1b36632248cab6b07e60640af66ba62b78b4a642eeca86a6f76e','2017-12-28 12:10:59'),(1211,56,'846fa2202fe1ac563c482e78e72b7fb322f8d6d97ff82b3322aa205397bc000b','2017-12-28 11:41:03'),(1212,24,'f2d4604476f9c7f2f8d7f65dde8218688e48c7fb9eada56be9991d79c3c37ce9','2017-12-28 11:41:12'),(1213,56,'8876cac48709c628d2432d11d0312cc942ff73a479281d60211ff19416fa3357','2017-12-28 11:41:14'),(1214,56,'c46d88ead72de5e70f33a9cf8d3e3d001417ae92e0a63308ea7e5739f9cd0bad','2017-12-28 12:10:15'),(1215,24,'3a232769e491a8866801e7b8137977e1c8636dfb2ede2dfb31a72f835e85b9ca','2017-12-28 12:10:27'),(1216,56,'bb5a18bc3318741adfb571a89c0f2cadca068bd071132301cc5df220faf51f29','2017-12-28 12:51:04'),(1217,56,'4c0655ada810276ebd06ff404b832338806a7b0be539f0a9657570550dcc46cc','2017-12-28 13:19:28'),(1218,56,'4fb3423b7b50bd730e0256d732ce8a29807fc96f2e1a91b88e39eaca2645c700','2017-12-28 13:24:32'),(1219,24,'c6b0c5da00b0b80603b6f50c595888c3e5088ae53502b98dfaa782ddc9f0eebd','2017-12-28 13:26:55'),(1220,56,'a25de5ae24fe10856b51cc21cfc6fd7d3189e06a0a2ce00a6d34b21f39adf65c','2017-12-28 13:27:05');
/*!40000 ALTER TABLE `user_session` ENABLE KEYS */;
UNLOCK TABLES;

--
-- Dumping routines for database 'healthcare'
--
/*!40103 SET TIME_ZONE=@OLD_TIME_ZONE */;

/*!40101 SET SQL_MODE=@OLD_SQL_MODE */;
/*!40014 SET FOREIGN_KEY_CHECKS=@OLD_FOREIGN_KEY_CHECKS */;
/*!40014 SET UNIQUE_CHECKS=@OLD_UNIQUE_CHECKS */;
/*!40101 SET CHARACTER_SET_CLIENT=@OLD_CHARACTER_SET_CLIENT */;
/*!40101 SET CHARACTER_SET_RESULTS=@OLD_CHARACTER_SET_RESULTS */;
/*!40101 SET COLLATION_CONNECTION=@OLD_COLLATION_CONNECTION */;
/*!40111 SET SQL_NOTES=@OLD_SQL_NOTES */;

-- Dump completed on 2017-12-29 17:30:45
